"","Material.79991","Material.79992","Material.79993","Material.79994","Material.242061","Material.430390","Material.431156","Material.436784","Material.437014","Material.444641","Material.444671","Material.444867","Material.444884","Material.445008","Material.445015","Material.445337","Material.445379","Material.445554","Material.445728","Material.445735","Material.445818","Material.446144","Material.446331","Material.446464","Material.447634","Material.447638","Material.448075","Material.448086","Material.448115","Material.448393","Material.450263","Material.450400","Material.451082","Material.456894","Material.456895","Material.459086","Material.460293","Material.460309","Material.460358","Material.460529","Material.463375","Material.464843","Material.465128","Material.465409","Material.465438","Material.469149","Material.469557","Material.469897","Material.469932","Material.469944","Material.470334","Material.471098","Material.471681","Material.471807","Material.471826","Material.471828","Material.471835","Material.472238","Material.472342","Material.472416","Material.472530","Material.472561","Material.472861","Material.472876","Material.474038","Material.474108","Material.474109","Material.474257","Material.474694","Material.474718","Material.474734","Material.474803","Material.474806","Material.474812","Material.474813","Material.474815","Material.474835","Material.474836","Material.474923","Material.474932","Material.474935","Material.474936","Material.475263","Material.475299","Material.475617","Material.475679","Material.477047","Material.477067","Material.477076","Material.477219","Material.477229","Material.477347","Material.477588","Material.478064","Material.478163","Material.478250","Material.479489","Material.479491","Material.480003","Material.480004","Material.480035","Material.480036","Material.480040","Material.480226","Material.480301","Material.480303","Material.480426","Material.480467","Material.480856","Material.481058","Material.481060","Material.481063","Material.481067","Material.481069","Material.481878","Material.481879","Material.481966","Material.481971","Material.481973","Material.482737","Material.482822","Material.482831","Material.482834","Material.483043","Material.483163","Material.483170","Material.484742","Material.485347","Material.485359","Material.485382","Material.485408","Material.485410","Material.485415","Material.485417","Material.485418","Material.485419","Material.485421","Material.485425","Material.485429","Material.485432","Material.485439","Material.485441","Material.485442","Material.485449","Material.485461","Material.485462","Material.485471","Material.485478","Material.485479","Material.485497","Material.485501","Material.485508","Material.485509","Material.485542","Material.485691","Material.485692","Material.486184","Material.486227","Material.486476","Material.486477","Material.486478","Material.486761","Material.486776","Material.486913","Material.487015","Material.487068","Material.487157","Material.487240","Material.487261","Material.487556","Material.487865","Material.487866","Material.487867","Material.487876","Material.487930","Material.487947","Material.487954","Material.487993","Material.487994","Material.487995","Material.487996","Material.487997","Material.487998","Material.487999","Material.488004","Material.488005","Material.488006","Material.488007","Material.488009","Material.488010","Material.488013","Material.488046","Material.488048","Material.488049","Material.488111","Material.488112","Material.488113","Material.488157","Material.488158","Material.488159","Material.488160","Material.488161","Material.488162","Material.488163","Material.488164","Material.488165","Material.488166","Material.488167","Material.488169","Material.488170","Material.488171","Material.488172","Material.488173","Material.488180","Material.488203","Material.488205","Material.488339","Material.488340","Material.488362","Material.488644","Material.488701","Material.489219","Material.489359","Material.489362","Material.489368","Material.489369","Material.489384","Material.489388","Material.489429","Material.491239","Material.492145","Material.492148","Material.492190","Material.493277","Material.493291","Material.493292","Material.493499","Material.493664","Material.493812","Material.493813","Material.493817","Material.493819","Material.493822","Material.493852","Material.493863","Material.493942","Material.493983","Material.493984","Material.494245","Material.494261","Material.494909","Material.494946","Material.495016","Material.495218","Material.495219","Material.495221","Material.495225","Material.495234","Material.495235","Material.495252","Material.495347","Material.495351","Material.495371","Material.495372","Material.495373","Material.495493","Material.495675","Material.495678","Material.495685","Material.495692","Material.495693","Material.495694","Material.495702","Material.495705","Material.495707","Material.495709","Material.495719","Material.495737","Material.495752","Material.495774","Material.495778","Material.495787","Material.495829","Material.495840","Material.495843","Material.495851","Material.495861","Material.495868","Material.495869","Material.495876","Material.495891","Material.495892","Material.496050","Material.496054","Material.496060","Material.496171","Material.496210","Material.496237","Material.496238","Material.496295","Material.496397","Material.496431","Material.496434","Material.496438","Material.496439","Material.496442","Material.496542","Material.496551","Material.496552","Material.496553","Material.496554","Material.496571","Material.496572","Material.496583","Material.496584","Material.496585","Material.496586","Material.496601","Material.496602","Material.496605","Material.496614","Material.496615","Material.496617","Material.496645","Material.496703","Material.496705","Material.496708","Material.496709","Material.496710","Material.496711","Material.496732","Material.496772","Material.496935","Material.496946","Material.496954","Material.496961","Material.496965","Material.496966","Material.496968","Material.496972","Material.496976","Material.496977","Material.496979","Material.497023","Material.497143","Material.497210","Material.497266","Material.497376","Material.497420","Material.497634","Material.497639","Material.497641","Material.497673","Material.497827","Material.498041","Material.498106","Material.498123","Material.498180","Material.498181","Material.498206","Material.498446","Material.498738","Material.499265","Material.499423","Material.499424","Material.499434","Material.499436","Material.499437","Material.499439","Material.499452","Material.499470","Material.499480","Material.499587","Material.499596","Material.499615","Material.499636","Material.499732","Material.499739","Material.499744","Material.499769","Material.499980","Material.499983","Material.499989","Material.499990","Material.499992","Material.499994","Material.499995","Material.499996","Material.499999","Material.500003","Material.500004","Material.500006","Material.500007","Material.500008","Material.500012","Material.500015","Material.500022","Material.500023","Material.500024","Material.500030","Material.500048","Material.500058","Material.500076","Material.500170","Material.500211","Material.500212","Material.500213","Material.500339","Material.500345","Material.500370","Material.500466","Material.500483","Material.500488","Material.500501","Material.500503","Material.500506","Material.500532","Material.500670","Material.500673","Material.500674","Material.500676","Material.500683","Material.500687","Material.500689","Material.501989","Material.503162","Material.503163","Material.509653","Material.511641","Material.512482","Material.514803","Material.514914","Material.514922","Material.514936","Material.514939","Material.514940","Material.514944","Material.514946","Material.514959","Material.514960","Material.514962","Material.514963","Material.514965","Material.514966","Material.514969","Material.514970","Material.514972","Material.514994","Material.515020","Material.515043","Material.515121","Material.515124","Material.515131","Material.518975","Material.519268","Material.519276","Material.523593","Material.528686","Material.531045","Material.531643","Material.531647","Material.533962","Material.533963","Material.537141","Material.544341","Material.547580","Material.547947","Material.552330","Material.553594","Material.553974","Material.556033","Material.557355","Material.558117","Material.562958","Material.563462","Material.564285","Material.572130","Material.576457","Material.576458","Material.576481","Material.576483","Material.576509","Material.576528","Material.576667","Material.580188","Material.580189","Material.580190","Material.580191","Material.580192","Material.580998","Material.581204","Material.587579","Material.587885","Material.587886","Material.587887","Material.591201","Material.593433","Material.593458","Material.594048","Material.594060","Material.594392","Material.594412","Material.594413","Material.594523","Material.595071","Material.595074","Material.600792","Material.600820","Material.602968","Material.602969","Material.603632","Material.606265","Material.611066","Material.611452","Material.613766","Material.613885","Material.613886","Material.613887","Material.613891","Material.618027","Material.618230","Material.625491","Material.636382","Material.636612","Material.637214","Material.637216","Material.637219","Material.637220","Material.637241","Material.637243","Material.638276","Material.638277","Material.638279","Material.638281","Material.638287","Material.638335","Material.644452","Material.644454","Material.662485","Material.664210","Material.669729","Material.673531"
"1",0,0,0,0,2,0,0,0,2,6,0,0,0,0,0,0,0,0,40,9,0,0,0,0,0,0,0,0,0,0,0,0,0,0,0,0,2,0,0,0,0,0,1,0,0,0,0,1,36,0,0,0,0,0,0,0,0,0,0,0,0,0,0,0,0,8,0,0,0,1,1,0,0,0,0,0,0,0,0,0,0,0,2,0,0,0,0,0,0,0,0,0,0,6,0,0,0,96,2,2,0,7,0,0,1,1,1,0,0,2,5,2,3,0,1,1,4,0,1,0,0,0,1,0,0,0,0,0,1,2,0,25,0,5,9,17,6,17,45,0,0,0,0,0,3,0,0,6,17,30,60,0,48,0,0,0,0,1,2,6,2,16,0,0,0,6,0,0,0,0,24,0,24,0,0,2,0,0,0,0,3,3,8,4,4,15,20,16,2,0,39,0,0,0,0,0,0,3,0,17,10,2,0,22,31,79,51,0,0,21,65,41,13,40,0,0,1,2,1,0,2,0,109,0,10,0,0,36,0,0,0,0,0,3,0,0,0,1,0,53,6,0,0,9,2,0,0,0,0,0,0,0,0,16,0,5,0,0,0,0,0,0,0,10,0,0,0,0,0,2,3,0,0,0,15,0,0,0,1,0,20,0,0,2,0,0,0,0,0,0,0,0,0,0,0,15,0,0,14,0,26,16,0,8,130,0,0,0,0,9,0,0,0,6,9,0,18,0,10,0,0,0,0,4,0,0,38,0,0,0,0,4,0,1,0,0,0,0,0,0,0,0,0,0,0,0,0,0,1,0,0,0,0,8,0,0,0,0,0,0,0,0,0,11,0,0,0,0,0,0,0,8,0,0,0,20,0,0,0,0,0,30,20,7,21,705,10,3780,0,42,106,321,767,1492,256,0,10,6,0,130,0,0,209,0,0,0,0,12,0,0,1,0,2,0,0,0,0,43,5,0,0,2,20,0,0,0,0,0,0,0,2,0,0,0,0,16,40,16,2,0,0,0,9,0,0,0,0,10,0,0,2,6,0,0,0,0,20,0,22,0,2,0,96,0,15,0,0,0,0,48,1,1,1,0,1,0,0,0,0,350,0,50,0,17,0,30,0,130,1,0,2,0,0,0,0,0,0,0,0,0,12,0,0,0,0,0,0,0,0,0,0,0,0,0,0,2,2,0,9,0,0,0,0,0,0,0,0,0,0,0,0,0,0,0,0,0,0,0,0,0,0,0
"2",0,0,0,0,0,0,0,0,0,19,0,0,0,31,0,0,0,0,0,0,0,0,0,0,0,0,0,0,0,0,0,0,0,0,0,0,2,0,0,0,1,0,1,0,0,0,0,7,19,5,0,0,0,0,0,0,0,3,0,2,0,0,0,0,0,0,0,0,0,0,0,10,2,2,0,1,0,0,0,0,0,0,0,0,0,0,30,1,1,0,0,0,5,0,0,0,62,0,0,0,5,1,0,0,3,3,0,0,0,0,0,0,3,1,3,3,0,0,3,0,2,0,0,0,0,0,30,0,0,0,0,0,0,2,0,1,6,2,72,4002,2011,0,1,34,7,0,0,0,0,0,101,25,21,13,47,0,0,0,8,0,14,5,0,0,0,6,0,0,0,0,33,0,38,0,0,17,0,3,7,0,8,3,7,11,0,14,9,35,2,1,5,0,0,0,0,0,0,1,4,4,14,4,0,1,15,48,60,6,0,18,25,28,10,0,0,0,1,2,1,0,1,0,75,10,8,12,0,65,0,0,0,86,0,0,0,800,423,0,0,38,0,0,0,7,4,2,0,0,0,0,0,11,0,10,0,0,0,0,0,0,0,0,0,0,0,26,0,0,2,6,19,0,11,0,5,0,20,0,0,0,0,0,0,0,0,6,2,16,0,12,0,0,0,0,0,3,0,0,0,0,4,72,0,16,0,0,0,12,3,0,19,0,0,0,32,5,0,6,16,0,3,0,0,0,0,0,30,0,0,0,0,0,13,0,2,0,0,0,0,0,1,0,0,16,0,0,0,0,0,0,0,0,5,0,0,0,0,0,2,0,0,0,0,0,0,0,0,3,5,1,0,48,537,0,0,0,0,0,1,0,2,35,11,36,38,1048,24,545,0,5,65,50,497,607,53,0,11,0,0,14,0,0,21,0,0,0,0,60,0,138,0,0,0,2,2,6,10,31,0,0,0,8,70,0,16,0,167,0,0,5,0,28,100,0,0,0,20,120,24,0,5,4,0,0,0,0,0,2,0,0,12,10,2,2,0,0,0,0,0,0,0,0,0,10,0,0,0,0,0,0,0,1,0,0,0,0,0,0,0,70,0,31,0,13,0,6,0,71,17,0,0,0,0,0,0,0,0,0,0,0,2,0,0,0,0,0,0,0,0,0,0,0,0,0,0,0,0,0,3,0,0,0,0,0,0,0,0,0,0,0,0,0,0,0,0,0,0,0,0,0,0,0
"3",0,0,0,0,0,0,0,0,0,10,0,0,0,2,0,0,0,0,0,0,0,0,1,0,0,0,0,0,0,0,0,0,0,0,5,0,0,0,0,0,0,0,2,0,1,0,0,4,21,7,0,0,0,0,0,0,0,0,0,0,0,3,0,0,0,0,0,0,0,2,0,0,0,0,0,0,0,0,2,0,0,0,0,0,0,0,0,0,0,0,0,0,0,0,0,0,0,0,1,1,1,3,0,0,5,5,0,0,0,1,0,0,6,1,5,5,0,0,5,0,0,0,0,0,0,0,15,4,2,0,0,2,0,1,12,11,6,15,199,200,59,0,0,148,12,0,0,0,0,0,102,0,9,0,0,0,0,0,16,6,2,0,9,0,46,1,0,0,0,0,32,0,0,0,0,0,0,1,2,1,9,1,7,7,0,85,1,42,23,9,6,0,0,0,20,20,0,0,3,5,18,17,0,4,18,124,89,5,0,1,40,34,1,0,0,0,3,6,0,1,3,0,284,0,0,3,0,4,0,0,120,40,0,1,3000,200,0,1,61,5,5,19,0,24,10,12,0,0,0,0,0,0,0,2,2,0,0,10,0,20,0,12,11,20,0,10,0,5,0,0,23,0,0,0,29,2,0,0,0,0,1,0,0,7,0,0,0,6,8,0,0,0,0,0,0,16,0,0,104,0,4,0,0,0,30,24,0,42,2,0,0,3,3,0,13,12,0,3,21,0,0,0,0,0,5,6,0,0,0,0,0,0,18,0,0,0,0,0,0,0,0,0,0,6,0,0,0,0,0,0,0,0,4,0,0,0,0,7,6,0,2,0,0,6,0,3,0,15,1,0,0,0,30,0,5,0,0,0,0,0,0,60,17,92,29,728,15,1010,0,16,24,195,515,806,32,0,0,6,0,55,0,0,67,0,1320,280,355,35,0,0,0,0,0,0,0,0,0,6,0,1,0,0,115,0,158,0,0,0,2,0,0,39,76,24,0,0,12,16,20,0,6,6,0,0,0,0,0,1,2,0,1,1,6,3,0,0,6,0,0,0,0,0,0,10,10,0,0,0,0,0,0,100,0,0,0,3,0,0,0,50,250,105,0,25,20,50,0,315,151,0,0,15,0,5,5,0,0,0,0,0,0,0,0,0,0,0,0,0,0,0,0,0,0,0,0,6,6,0,6,400,500,0,0,0,0,0,0,0,0,0,0,0,0,0,0,0,0,0,0,0,0,0
"4",0,0,0,0,0,0,0,0,0,4,0,0,0,5,0,0,0,0,0,5,0,2,0,0,0,0,0,0,0,0,0,0,0,0,0,0,1,0,0,0,0,0,1,0,0,0,0,3,7,0,0,0,0,0,0,0,0,21,0,21,0,1,0,0,0,0,0,0,0,5,0,0,0,0,0,0,0,0,0,0,0,0,2,0,0,0,0,0,0,0,0,0,0,0,0,0,0,0,0,0,0,1,0,0,0,0,0,0,0,0,0,0,0,0,0,0,0,0,0,0,0,0,1,0,0,0,0,0,0,0,0,0,0,1,10,5,3,13,126,0,230,0,0,0,5,0,0,0,80,0,110,0,27,0,12,0,300,0,7,7,2,0,16,0,0,0,0,0,0,0,16,0,0,100,0,0,0,1,1,0,5,0,13,11,0,12,0,0,0,0,33,0,0,0,0,0,0,3,2,12,24,0,1,0,10,53,18,0,0,3,21,17,0,0,0,0,2,4,2,0,0,0,0,0,0,7,0,0,0,112,100,8,0,4,0,0,0,2,1,0,0,0,0,1,0,8,7,0,0,0,0,0,0,0,0,0,0,0,0,0,0,1,19,0,0,0,0,0,0,0,5,0,0,0,0,0,0,4,0,0,0,0,0,0,0,1,0,14,0,11,0,0,0,0,0,5,0,0,16,0,3,0,0,0,0,0,0,9,4,0,3,5,0,0,0,0,0,5,8,0,0,0,0,0,6,0,0,0,0,0,0,0,0,0,0,0,0,0,0,0,0,0,0,0,0,0,0,0,0,0,0,3,0,0,0,0,0,0,0,72,0,0,0,0,0,0,0,0,32,0,0,0,34,3,0,1,0,0,0,0,0,3,1,10,0,770,0,985,0,0,11,60,1225,1175,12,0,0,2,214,19,0,481,10,1,1652,1528,2145,6,0,20,0,0,0,0,0,0,0,8,0,0,0,0,15,0,0,0,0,0,0,0,0,0,16,0,0,0,36,0,4,0,1,0,0,0,1,0,0,0,0,0,0,0,2,0,0,3,50,0,38,0,1,0,0,1,10,0,0,0,0,21,1,2,0,2,0,3,0,50,0,550,0,360,0,7,20,0,0,44,2,0,0,0,0,0,15,0,0,0,0,0,5,0,0,0,0,0,0,0,0,70,0,0,0,7,0,2,2,0,0,0,0,20,0,0,0,0,0,0,0,0,0,0,0,0,0,0,0,0,0,0,0,0
"5",0,0,0,0,0,0,0,0,2,11,1,0,0,0,0,0,0,0,0,0,0,0,0,0,0,0,0,0,0,0,0,0,15,0,0,0,2,0,0,20,0,0,1,0,3,0,0,4,12,7,0,0,0,0,0,0,0,1,0,0,0,0,0,0,0,0,0,3,0,0,0,0,0,0,0,0,0,0,0,0,0,0,6,0,0,0,0,0,0,0,0,0,0,0,80,0,0,0,0,0,0,2,0,0,2,2,0,0,0,0,8,0,2,0,2,2,0,0,2,0,0,0,0,0,0,0,30,0,0,0,0,0,0,1,5,15,8,19,123,5,389,0,0,30,36,318,0,0,17,50,287,0,40,0,0,0,10,15,12,6,6,1,0,0,0,0,0,0,0,0,7,68,1,0,0,0,0,10,1,0,5,14,9,12,0,15,0,0,0,4,26,0,0,0,100,150,0,0,10,23,27,2,3,17,47,68,40,5,6,8,52,14,1,0,2,0,0,2,0,0,0,0,0,20,0,4,0,43,1,24,4,0,0,0,0,1000,0,0,0,0,0,0,0,3,70,0,0,0,0,0,0,0,0,0,0,0,0,0,0,0,3,0,0,10,0,0,70,5,0,4,2,1,9,0,14,2,0,3,0,0,0,0,0,2,0,0,0,2,7,0,0,0,0,0,0,0,0,0,12,0,0,0,0,0,0,0,0,10,15,0,0,0,0,2,44,0,0,5,0,0,0,0,0,0,8,0,2,0,0,0,0,0,0,0,0,0,0,0,0,0,0,0,0,0,0,0,0,0,0,0,0,0,4,0,0,0,0,2,2,48,0,0,0,0,0,0,0,6,2,1,0,15,20,0,1,0,0,0,0,0,0,6,13,25,25,1885,0,3300,0,7,0,28,650,857,12,0,0,24,150,2,0,200,60,0,1088,0,1755,10,0,0,0,0,0,0,0,0,14,25,0,0,0,0,250,0,0,0,0,0,0,0,0,0,48,0,0,0,0,88,9,0,0,0,0,0,5,0,0,0,0,0,13,7,9,1,0,0,0,0,0,0,0,0,0,0,0,0,0,0,1,0,1,0,0,0,0,0,0,3,0,140,62,210,0,15,0,25,0,327,5,0,0,0,0,0,5,0,0,0,4,0,10,0,0,0,0,0,0,0,280,178,0,0,0,0,0,10,10,0,10,0,0,0,0,0,0,0,0,0,0,0,0,0,0,0,0,0,0,0,0,0,0,0
"6",0,0,0,0,0,0,0,0,0,0,0,2,0,2,0,0,0,0,0,6,0,0,0,0,0,0,0,0,0,0,0,0,0,0,0,0,0,0,0,0,0,0,5,0,0,0,0,3,4,0,0,0,0,0,0,0,0,3,0,2,0,0,0,0,0,0,0,0,0,0,0,0,0,0,0,0,0,0,0,0,0,0,0,6,0,0,0,0,0,0,0,0,0,0,0,0,0,0,2,0,0,2,0,0,0,0,0,0,0,2,5,2,2,1,0,0,4,0,0,0,0,0,0,0,0,0,0,0,0,0,0,0,0,2,2,6,3,28,1,200,212,0,0,0,14,1,0,0,10,0,172,0,19,0,0,0,0,57,12,2,25,0,0,0,0,0,0,0,0,0,9,1,0,0,0,0,0,3,3,3,5,3,1,8,0,6,0,0,0,1,112,0,0,0,0,0,0,0,5,7,2,6,0,7,20,107,48,0,1,22,38,25,6,0,0,0,0,0,0,0,0,0,0,100,0,1,0,0,0,0,150,0,0,0,0,0,0,4,10,2,5,0,0,9,15,0,0,0,0,0,0,0,0,0,0,20,0,0,0,0,3,0,0,10,0,4,0,0,0,0,7,0,0,8,5,3,0,6,0,3,0,0,0,0,0,53,0,6,0,0,0,0,0,0,0,0,0,72,250,0,0,0,0,92,0,96,0,0,12,0,4,0,0,0,0,0,1,0,0,0,0,0,9,0,0,2,0,0,0,0,0,0,10,0,0,0,0,0,48,0,0,0,0,0,0,2,0,15,0,0,0,0,0,6,0,0,0,19,8,0,0,0,0,0,0,0,17,2,0,0,0,0,10,0,0,0,0,0,0,0,0,0,28,22,15,821,0,577,0,0,0,232,3820,4468,0,0,0,11,133,60,0,0,50,0,2850,425,2505,13,0,0,0,0,0,2,0,2,4,0,0,0,0,0,4,0,0,0,0,0,0,0,0,0,156,0,0,16,0,16,68,3,6,6,0,0,0,0,0,6,0,0,6,4,8,6,0,0,10,0,6,1,0,0,0,0,0,0,0,0,2,66,0,0,0,0,0,0,0,0,158,310,187,173,0,13,0,0,0,2,0,0,0,0,0,0,25,0,0,0,0,0,0,0,0,0,0,0,0,0,40,0,0,4,0,0,0,0,0,0,8,0,820,1,0,0,0,0,0,0,0,0,0,0,0,0,0,0,0,0,0,0,0,0
"7",0,0,0,0,0,0,0,0,0,67,0,0,0,21,0,0,0,0,118,0,0,0,0,0,0,0,0,0,0,0,0,0,0,0,0,0,6,0,0,0,0,0,7,0,0,0,0,6,0,0,0,0,0,0,0,0,0,3,0,0,0,0,0,0,0,27,0,0,0,0,0,0,0,0,0,0,0,0,0,0,0,0,0,0,0,0,0,0,0,0,0,0,0,0,0,0,0,0,0,0,0,1,1,0,0,0,0,0,0,0,0,0,0,0,0,0,0,0,0,0,0,0,0,0,0,0,0,0,0,0,1,0,0,1,2,0,24,11,90,5,65,0,14,0,16,4,0,30,3,70,235,0,99,0,0,0,0,7,14,1,3,0,12,0,0,1,0,0,0,0,51,2,0,0,0,0,0,2,9,0,11,0,16,18,0,6,0,0,1,2,75,0,0,0,5,10,0,6,8,12,14,0,0,1,28,92,49,0,2,7,24,30,5,0,0,0,0,0,1,0,0,0,941,0,0,4,0,1,4,0,0,20,0,1,0,0,0,0,2,1,10,0,0,5,0,27,0,0,0,0,0,0,0,0,8,0,0,20,0,20,6,0,32,0,0,0,0,0,0,1,9,0,0,0,10,13,13,2,0,0,0,0,0,0,0,0,0,14,0,0,0,0,0,0,0,0,0,0,0,156,0,0,0,112,0,0,0,22,8,4,9,11,12,20,13,8,4,26,6,0,0,3,61,3,19,3,6,7,0,6,0,0,4,0,0,0,0,1,0,0,1,2,0,13,0,0,0,39,1,0,0,13,34,0,0,0,0,23,18,260,4,4,0,5,0,0,7,0,27,1,0,0,30,0,2,12,0,0,0,0,0,50,35,53,57,402,24,1005,0,0,0,150,300,450,74,0,0,18,12,125,0,230,3,0,1230,2622,120,50,0,80,0,0,0,0,0,0,10,0,0,0,0,0,60,0,0,0,0,0,0,4,0,0,264,0,0,144,64,16,86,3,8,4,0,6,0,0,0,0,0,0,0,0,9,10,0,4,5,0,10,0,0,0,0,4,6,0,0,0,0,33,0,10,0,0,0,0,0,20,0,42,21,0,0,10,0,48,0,411,0,0,0,0,0,50,20,0,0,0,0,0,1,0,0,0,0,0,0,0,480,622,0,28,0,3,2,2,2,0,11,1550,1700,0,0,0,0,0,0,0,0,0,0,0,0,0,0,0,0,0,0,0,0,0
"8",0,0,0,0,0,0,0,0,9,8,0,0,0,4,0,0,0,0,0,0,0,0,0,0,0,0,0,0,0,0,0,0,0,0,0,1,0,0,0,0,0,0,2,0,0,0,0,4,0,0,0,1,0,0,0,0,0,1,0,0,5,0,16,0,0,18,0,0,8,1,1,0,0,0,0,0,0,0,0,0,0,0,0,0,1,0,0,0,0,0,0,0,0,0,0,0,0,0,0,0,2,0,0,0,2,0,0,0,0,0,1,0,2,0,2,2,0,0,2,0,0,0,0,0,0,0,15,0,0,0,0,0,0,0,1,0,1,5,0,200,47,0,40,0,24,0,0,0,4,0,53,0,54,0,0,0,0,5,6,0,2,20,0,0,0,1,0,0,0,0,10,61,4,0,0,0,0,4,4,0,7,9,7,8,6,4,137,101,18,0,30,0,0,0,0,0,0,14,6,12,12,0,0,2,38,19,16,0,4,15,16,13,4,0,0,0,2,4,2,0,0,0,206,5,0,2,0,42,32,0,0,20,0,2,0,0,0,0,26,24,20,0,0,46,14,0,0,16,0,0,42,0,0,10,48,20,0,240,0,80,243,0,5,30,72,28,0,0,0,0,9,0,9,0,1,1,7,1,0,0,0,0,0,0,0,0,0,0,0,0,40,40,0,0,0,0,0,0,150,0,0,0,0,12,0,0,0,0,0,0,0,0,0,0,0,0,4,38,5,0,0,0,3,0,22,0,0,3,0,2,0,0,0,1,14,0,0,0,8,2,0,0,0,0,0,0,2,6,0,0,0,10,5,0,0,0,0,4,2,264,0,0,0,1,1,0,0,0,17,2,0,0,34,0,0,0,0,0,0,0,0,0,4,15,20,485,22,1282,0,24,62,10,370,410,20,0,0,1,22,60,0,0,1,0,300,720,10,15,0,0,0,0,0,0,0,3,0,74,0,0,0,0,5,0,0,0,0,0,0,42,0,0,0,0,0,24,0,4,0,11,1,3,0,0,0,0,0,0,0,0,4,3,0,2,0,0,0,0,6,0,0,0,0,0,27,0,0,0,0,0,5,0,0,13,0,0,0,0,0,8,51,150,0,1,0,2,0,31,0,0,0,0,0,0,0,0,0,0,3,0,0,0,0,0,0,0,0,0,70,0,0,20,0,0,0,0,0,0,4,0,0,50,0,0,0,0,0,0,0,0,0,0,0,0,0,0,0,0,0,0,0,0
"9",0,0,0,0,0,0,0,0,2,2,0,0,0,2,0,0,0,0,0,4,0,0,0,0,0,0,0,0,0,2,0,0,0,0,4,0,0,0,0,0,0,0,0,0,0,0,0,0,44,0,0,0,0,0,0,0,0,6,0,8,1,0,4,0,0,0,0,0,106,0,0,0,0,0,0,0,0,0,0,0,0,0,0,0,8,0,0,0,0,0,0,0,0,0,1100,0,0,0,0,0,4,0,0,2,0,0,0,0,0,0,1,0,0,0,0,0,0,0,0,0,0,0,1,0,0,0,20,0,0,0,0,0,0,0,1,0,9,0,178,6,37,0,0,0,24,0,0,0,7,10,47,0,30,0,0,0,0,38,5,0,8,0,0,0,0,0,0,0,0,0,55,1,0,0,0,0,0,4,0,3,7,0,5,2,27,12,61,1,5,0,21,0,0,0,150,150,61,1,6,6,5,1,0,3,7,34,28,0,3,2,13,15,6,0,0,0,0,0,0,1,0,0,54,0,24,0,0,39,0,0,20,0,0,1,0,0,0,0,0,5,0,0,0,3,6,0,0,0,0,0,0,257,0,0,0,0,0,20,0,2,2,67,0,0,2,0,0,0,0,0,4,0,0,0,10,2,0,3,0,0,0,0,0,0,0,0,3,5,13,0,40,0,0,0,0,24,0,0,14,6,0,0,0,0,0,48,0,5,0,0,3,0,6,2,0,2,0,11,6,0,12,0,4,0,6,0,0,2,0,0,6,0,4,0,0,0,0,0,0,0,0,0,0,0,0,0,0,0,0,0,0,0,4,0,0,0,0,0,0,0,0,0,0,0,0,0,0,0,0,0,0,52,203,0,0,0,0,0,0,0,0,0,10,20,29,685,36,915,0,24,23,0,481,598,0,0,0,0,33,20,0,40,5,0,0,0,165,15,0,0,132,0,0,0,0,10,0,13,0,0,0,0,0,0,0,0,0,0,0,3,0,0,64,0,0,0,0,8,0,0,0,0,0,0,0,1,0,0,2,0,7,7,0,1,0,0,0,0,0,0,0,0,0,10,0,0,0,0,0,6,0,107,2,0,0,0,0,50,0,0,0,150,0,4,0,50,0,108,0,0,4,0,0,0,0,1,0,14,0,0,0,0,0,0,0,0,770,0,0,0,0,4,0,15,0,0,0,0,5,0,0,0,0,0,0,0,0,0,0,0,0,0,0,0,0,0,0,0,0,0,0,0
"10",0,0,0,0,0,0,1,0,4,2,0,0,0,6,0,0,0,0,0,0,0,0,0,0,0,0,0,0,0,0,0,0,0,0,0,0,2,2,0,0,0,0,2,0,0,0,0,0,4,0,0,0,0,0,0,0,0,4,0,4,0,0,0,0,2,0,0,0,12,0,0,0,0,0,0,0,0,0,0,0,0,0,0,0,8,0,0,0,0,0,0,0,0,0,0,0,0,0,0,0,0,0,2,0,0,0,0,0,0,0,6,0,0,0,3,0,0,0,0,0,0,0,0,0,4,0,5,0,0,0,0,0,0,0,0,14,1,12,57,100,446,0,0,0,4,0,0,4,9,0,61,0,10,0,1,0,50,7,4,0,0,40,0,0,0,0,0,0,0,0,5,0,0,0,0,0,0,1,0,0,2,0,11,7,1,10,20,72,0,1,91,0,0,0,0,0,0,4,6,14,14,1,0,3,2,15,43,3,0,12,16,14,4,0,0,0,0,2,1,2,0,0,21,0,0,2,0,0,0,0,0,6,0,0,0,0,0,0,0,0,0,0,0,0,0,0,0,0,1,0,0,0,0,50,0,0,0,0,0,0,0,0,0,0,0,22,0,0,0,0,38,0,7,0,7,0,0,2,0,0,0,0,22,0,0,0,0,5,20,0,0,0,0,0,0,0,0,0,0,0,0,0,0,40,0,16,0,0,0,0,0,0,0,0,0,0,0,6,0,0,0,0,10,0,0,0,0,0,0,0,0,0,0,0,0,0,0,0,0,0,0,2,0,0,0,0,0,0,0,0,0,0,0,0,0,0,0,3,0,0,0,0,0,0,0,0,0,0,0,0,0,2,0,0,0,0,0,0,0,0,0,61,5,21,23,820,6,2270,0,16,90,230,370,610,41,0,0,0,663,20,1183,40,16,0,0,500,10,7,0,0,0,0,0,0,6,6,0,18,0,0,0,0,0,0,0,0,0,0,0,0,0,195,32,0,0,0,0,8,0,19,2,2,0,0,0,0,0,0,0,8,8,9,2,1,0,0,0,0,50,0,0,0,0,0,0,0,0,0,0,4,0,266,0,4,0,0,0,2,0,361,100,100,0,16,0,155,0,37,0,0,3,10,40,0,0,0,0,0,0,0,37,0,0,0,0,0,0,0,0,0,0,4,0,0,0,0,0,0,10,0,0,0,0,0,2,2,2,2,2,0,0,0,0,0,0,0,0,0,0,0,0,0
"11",0,0,0,0,0,0,3,6,0,0,0,0,0,0,4,0,0,0,0,3,0,0,0,0,0,0,0,0,0,0,0,0,0,0,0,0,0,0,0,0,0,0,1,0,0,0,0,1,9,38,0,0,0,0,0,0,0,0,0,0,0,0,0,0,0,0,0,0,0,0,0,0,0,0,0,0,0,0,0,0,0,0,0,0,4,0,0,0,0,0,0,0,0,0,0,4,0,0,2,2,0,6,0,0,0,0,0,4,0,2,4,2,2,2,0,0,0,0,0,0,0,0,0,0,2,0,0,0,0,7,0,0,0,0,3,2,4,2,78,0,361,0,0,4,17,27,0,2,19,30,0,0,9,9,5,0,0,1,5,3,4,0,0,0,0,0,0,0,0,0,8,0,0,0,0,9,0,0,3,0,1,13,5,2,6,18,15,9,23,0,78,2,0,57,0,0,0,1,34,20,5,8,0,2,3,38,22,1,0,25,25,19,0,0,0,0,0,0,1,0,0,0,60,10,0,0,0,6,66,0,100,157,0,2,0,0,0,0,0,5,5,0,0,20,1,6,0,0,0,0,0,22,0,28,0,0,0,20,0,5,20,0,0,0,6,4,0,0,0,0,1,0,14,0,10,4,0,0,0,0,0,0,0,0,0,0,0,14,0,0,40,0,0,0,0,0,0,0,734,0,0,0,0,12,0,0,0,7,25,7,13,0,0,0,0,0,0,15,0,0,0,1,0,0,0,0,0,0,6,0,4,0,0,0,0,0,0,0,0,0,0,2,19,0,0,0,0,11,0,0,0,0,0,0,0,0,0,0,0,0,0,0,0,0,0,0,0,0,0,0,0,2,62,0,0,10,5,0,0,0,0,0,0,15,72,975,10,28,0,0,100,25,362,517,50,0,0,19,75,40,0,32,13,0,50,0,10,0,0,0,74,0,0,0,4,15,2,21,0,0,0,0,100,0,0,0,0,0,0,10,0,0,0,0,0,24,0,0,0,2,0,0,0,0,10,0,0,1,0,0,17,16,3,0,0,0,0,0,0,2,15,0,0,3,0,0,0,0,0,9,1,0,0,0,15,0,0,8,148,0,6,641,0,0,21,50,0,181,158,0,0,0,10,0,0,0,0,0,0,0,0,0,0,0,0,8,0,0,0,400,3,0,0,0,0,0,0,0,7,0,0,0,0,1,0,0,0,0,0,0,0,0,0,0,0,0,0,0,0,0,0,0
"12",0,0,0,0,0,0,0,0,2,0,0,0,0,0,20,0,0,0,0,0,0,10,0,0,0,0,36,0,0,0,0,0,0,0,0,0,9,0,0,12,0,0,0,0,0,0,0,0,12,0,0,0,0,0,0,0,0,8,0,8,0,0,0,0,2,0,0,0,0,0,0,0,0,0,0,0,0,0,0,0,0,0,0,0,24,0,0,0,0,0,0,0,0,0,0,0,0,0,1,1,4,0,0,0,0,0,0,0,0,1,2,1,1,1,0,0,0,0,0,0,0,0,0,0,0,0,20,0,0,0,0,0,4,1,5,4,1,2,39,634,86,0,0,20,1,3,0,0,4,0,0,0,10,0,0,0,0,0,4,0,0,0,0,0,0,1,0,0,0,0,2,17,0,0,0,0,0,1,0,0,6,4,6,16,2,19,9,17,4,0,34,0,0,7,0,0,0,2,1,0,0,0,0,3,25,22,13,2,1,13,33,14,0,0,0,0,0,0,0,2,0,0,30,5,0,2,0,0,0,0,0,0,0,1,0,0,8,0,0,6,0,0,0,6,4,0,0,0,0,0,0,10,0,1,0,0,0,0,0,0,0,0,0,0,0,0,0,0,5,4,4,0,0,5,2,0,0,2,0,0,0,2,0,0,0,0,0,2,0,0,0,86,0,0,0,25,0,0,99,0,0,0,0,0,0,0,0,14,3,0,8,0,0,0,0,6,0,11,0,0,0,0,6,0,0,0,0,0,2,0,0,0,0,0,0,0,0,0,0,0,0,0,2,0,0,0,0,1,2,0,0,0,0,0,0,0,0,0,2,0,0,0,0,0,0,0,0,0,0,0,0,0,8,0,1,0,0,0,0,0,0,0,26,31,33,640,0,100,0,30,8,50,785,925,12,160,0,3,8,83,0,0,19,0,0,0,25,25,0,0,7,0,0,0,7,2,0,11,0,0,84,0,0,0,0,0,0,0,0,2,0,0,0,4,0,0,0,0,12,3,0,0,0,0,0,0,0,0,0,0,6,2,5,0,0,0,0,0,0,0,0,0,0,0,0,0,0,0,0,40,0,16,0,0,0,0,0,0,0,666,180,150,0,6,22,20,0,31,0,0,0,0,0,2,0,0,8,0,0,0,0,0,0,0,0,0,0,0,400,70,0,0,0,0,0,2,2,0,7,0,0,0,53,0,0,0,0,0,0,0,0,0,0,1,0,0,0,0,0,0,0,0
"13",0,0,0,0,0,0,0,0,0,12,0,0,0,0,3,0,0,0,0,2,0,0,0,0,0,0,2,0,0,0,0,0,0,0,0,0,0,0,0,20,0,0,0,0,0,0,0,4,30,0,0,0,0,0,0,0,0,2,0,2,0,0,0,0,1,0,0,0,0,0,0,0,0,0,0,0,0,0,0,0,0,0,0,0,3,0,0,0,0,0,0,0,0,0,0,1,0,0,0,0,0,1,0,0,0,0,0,0,0,0,12,0,2,0,2,2,0,0,2,0,0,0,0,0,0,0,0,0,0,0,0,0,0,0,0,0,0,0,30,0,43,0,0,10,10,0,0,4,15,1,0,0,2,0,0,0,0,1,2,0,2,0,0,0,0,0,0,0,0,0,0,0,0,0,0,1,0,1,2,1,2,3,5,5,3,6,3,3,2,0,20,0,0,0,0,0,0,0,8,2,2,0,0,4,3,13,19,0,3,6,10,4,2,0,0,0,0,4,0,0,0,0,22,10,0,10,0,2,0,0,0,0,0,0,0,0,0,0,20,25,7,0,0,0,6,0,0,0,0,0,0,0,0,26,0,0,66,0,0,3,3,10,0,0,3,15,0,0,3,0,4,0,1,2,1,0,0,0,0,0,4,0,7,0,0,0,2,4,0,0,0,0,0,0,0,0,0,0,48,0,0,0,0,0,0,0,0,2,2,0,0,0,1,0,0,0,0,0,0,0,0,0,0,0,0,0,2,6,0,0,0,0,0,0,0,0,0,0,0,0,0,0,0,0,0,0,0,0,0,0,0,0,0,0,0,0,3,3,2,0,2,0,0,0,0,0,0,0,0,0,0,25,8,0,0,0,0,0,0,0,0,0,5,12,13,339,5,0,0,0,0,50,120,175,0,0,67,0,0,20,0,0,0,0,1030,10,30,0,0,0,0,0,0,0,0,2,0,20,17,0,0,0,30,0,0,0,0,0,0,0,0,0,16,0,0,0,0,0,8,0,0,0,0,0,0,0,0,0,0,0,2,2,4,1,0,0,28,0,0,0,0,0,0,5,0,0,0,1,0,32,0,6,0,21,8,0,0,0,0,0,46,50,0,10,0,24,0,80,0,0,0,0,0,0,0,0,0,0,0,0,0,0,0,0,0,0,0,0,0,0,1,0,0,0,0,0,0,0,2,0,0,45,0,0,0,0,0,0,0,0,0,0,0,0,0,0,0,0,0,0,0,0
"14",0,0,0,0,0,0,0,0,0,1,0,0,0,2,1,0,0,0,0,2,0,10,0,0,0,0,54,0,0,0,0,0,0,0,0,0,0,0,0,0,0,14,0,0,0,0,0,0,13,0,0,0,0,26,64,64,16,0,0,0,0,0,0,0,0,0,0,0,0,2,0,0,0,0,0,0,0,0,0,0,0,0,10,0,8,0,0,0,0,0,0,0,0,0,0,0,0,0,0,0,1,0,0,0,0,0,0,0,0,2,1,0,1,0,0,1,0,0,1,0,0,0,2,0,0,2,1,0,3,0,0,3,40,1,2,3,5,48,96,0,168,0,0,112,16,0,0,0,12,0,0,0,26,7,5,0,1,5,3,0,5,0,4,0,38,0,0,0,0,0,0,0,0,0,0,2,0,2,0,1,5,10,8,6,7,12,6,14,3,2,46,0,0,0,0,50,0,1,8,7,6,4,2,2,29,47,22,0,6,21,49,45,2,0,0,0,1,0,0,0,0,0,15,100,5,4,0,1,0,0,0,0,2,0,0,350,0,0,1,5,1,0,0,0,0,8,0,0,0,0,0,2,0,11,0,2,40,40,0,10,60,30,0,0,12,8,0,0,0,0,12,0,0,0,0,0,0,11,0,0,0,0,3,0,0,0,0,14,0,0,20,0,0,0,0,0,0,0,98,0,0,0,0,16,128,0,0,0,0,0,0,0,0,0,0,0,4,8,12,0,0,0,2,0,0,0,0,1,0,11,0,0,0,0,0,0,0,0,0,0,0,0,16,0,0,0,0,5,2,0,0,0,0,0,8,0,2,6,4,0,0,0,0,0,0,0,0,0,0,0,7,100,10,0,1,2,0,0,0,0,0,0,52,49,119,1090,21,3000,0,41,0,201,1891,2122,36,10,55,9,133,100,0,31,33,0,0,20,0,20,0,40,25,0,0,0,0,0,0,16,0,0,0,0,55,0,0,0,0,0,0,0,0,0,72,16,48,48,0,104,23,17,0,0,8,2,0,2,0,0,0,0,4,3,7,2,0,0,0,0,0,0,0,0,0,0,0,0,0,2,0,53,0,0,0,0,0,0,0,0,0,0,72,169,0,7,71,40,0,83,0,0,0,0,0,2,0,0,0,0,0,0,60,0,18,12,0,0,0,0,240,400,2,0,0,0,0,0,0,0,2,0,0,0,0,0,0,0,0,0,0,0,0,0,0,0,0,0,0,0,0,0,0,0
"15",0,0,0,0,0,0,6,0,0,38,0,0,0,0,13,0,0,0,0,0,0,0,0,0,0,0,16,0,0,0,0,0,0,0,0,0,0,0,0,0,1,4,0,0,0,0,0,2,30,0,0,0,0,0,0,32,0,1,0,1,0,0,0,0,2,0,0,1,0,5,0,0,0,0,0,0,0,0,0,0,0,0,0,27,0,0,0,0,0,0,0,0,0,0,0,17,0,0,1,0,0,0,0,0,1,0,0,0,0,1,0,0,2,0,3,2,0,0,2,0,0,0,0,0,8,0,0,0,5,0,0,16,0,0,11,9,6,16,189,6600,76,0,0,8,25,0,0,0,40,0,0,64,79,2,9,0,0,3,10,3,15,0,0,0,6,1,3,0,0,0,0,0,1,5,0,0,0,3,3,1,19,4,14,27,6,18,16,28,4,2,59,0,0,0,0,0,0,2,14,15,21,3,0,1,28,108,73,3,8,37,59,74,6,0,0,0,0,0,0,1,0,0,91,0,0,2,0,4,2,0,140,3,0,0,0,0,0,0,5,10,7,0,0,90,30,4,0,0,0,0,0,0,0,17,0,2,20,0,0,0,0,10,0,0,0,0,0,0,0,0,3,0,2,0,1,13,0,2,0,50,0,0,0,0,0,0,0,2,0,0,20,0,0,0,0,0,0,0,6,18,0,0,0,85,368,0,0,4,37,4,7,0,0,2,9,2,10,6,13,0,2,0,0,0,8,0,0,2,0,0,0,0,0,0,1,0,0,0,0,0,0,1,0,0,0,0,1,3,0,0,0,0,0,0,2,0,12,32,32,128,0,4,0,0,0,1,0,0,0,0,0,107,72,0,1,0,0,2,6,0,0,0,12,28,41,735,6,700,0,0,0,370,1187,1318,58,40,0,5,184,26,0,10,200,2,2,247,50,5,0,0,0,0,0,2,9,33,11,22,0,4,0,0,37,0,0,0,0,0,0,0,0,0,32,0,0,112,30,0,93,0,4,0,0,16,0,0,0,0,15,0,18,24,10,0,0,0,0,0,0,0,0,0,0,5,0,0,0,0,0,27,0,1,0,0,0,13,0,4,2,0,0,465,0,12,2,26,0,2,0,0,0,0,10,0,0,0,0,0,0,0,13,0,0,0,0,0,0,0,230,0,0,0,0,10,0,0,0,0,1,0,0,0,0,0,0,0,0,1,5,0,0,0,1,0,0,0,0,0,0,0,0,0
"16",0,0,0,0,0,0,2,0,0,3,0,0,0,0,2,0,0,0,0,20,0,0,0,0,0,0,0,0,0,0,0,0,0,0,0,1,0,0,0,0,0,5,0,0,0,0,0,3,27,2,0,0,0,2,0,0,0,1,0,2,5,0,9,0,0,18,0,0,0,0,0,0,0,0,0,0,0,0,0,0,0,0,0,0,0,0,0,0,0,0,0,0,0,0,0,10,0,0,0,0,0,1,0,0,1,0,0,0,0,0,10,0,1,0,1,1,0,0,1,0,0,0,0,0,0,0,10,0,0,0,0,0,22,1,2,2,8,35,99,1700,86,0,0,20,20,0,0,0,38,0,0,0,35,0,0,0,0,0,16,0,10,12,0,0,12,1,0,0,0,0,0,0,12,3,0,0,0,0,1,0,7,4,3,12,11,23,31,31,10,3,50,0,0,0,45,25,0,3,3,4,4,0,5,10,48,96,54,4,3,17,40,21,0,0,0,0,0,0,1,2,0,0,11,10,0,4,0,14,2,0,0,0,0,0,0,350,0,0,10,31,12,0,0,0,2,0,0,0,0,0,6,0,0,2,0,5,0,0,0,0,0,0,0,20,0,0,0,54,0,0,0,0,1,0,16,0,0,0,0,40,0,0,0,6,0,0,0,2,0,0,30,0,0,0,0,0,0,0,0,50,0,0,0,8,0,0,0,3,4,0,2,3,0,0,25,0,16,12,2,1,0,4,25,0,0,0,1,0,2,26,0,0,0,1,2,0,0,0,0,0,0,4,0,0,0,0,0,6,0,0,0,0,0,0,1,0,1,0,0,0,0,0,0,0,0,0,0,0,1,0,0,0,10,0,2,0,0,0,4,0,0,0,0,2,0,160,0,1900,0,0,53,0,0,99,0,0,0,0,0,12,0,2,20,0,0,0,1109,20,0,0,0,0,0,6,20,31,30,8,0,0,0,12,20,0,0,0,0,0,28,2,0,0,28,0,0,104,96,24,3,0,1,7,11,2,4,2,0,0,0,7,28,25,4,1,0,0,0,0,0,0,0,0,0,3,0,0,0,0,0,2,0,80,0,0,0,0,0,11,0,0,0,214,0,7,0,83,0,0,0,0,0,0,0,0,0,0,0,0,0,0,20,0,0,0,0,0,1770,0,10,150,0,0,0,0,0,0,0,0,7,0,0,0,0,0,0,0,0,0,0,0,0,0,0,0,1,0,0,0,0,0,0,0
"17",0,0,0,0,0,0,0,6,0,4,0,0,0,0,2,0,0,0,0,0,0,0,0,0,0,0,0,0,0,0,0,0,0,0,0,1,0,0,0,4,0,3,0,0,0,0,0,12,23,0,0,0,0,12,0,0,0,3,0,3,0,2,0,0,2,7,0,0,8,0,0,0,0,0,0,0,0,19,0,0,0,0,0,13,10,0,0,0,0,0,0,0,0,0,0,6,0,0,0,0,1,1,0,2,0,0,2,0,0,0,15,0,0,0,2,1,2,0,1,0,1,0,0,0,4,2,29,0,0,21,0,0,0,0,1,1,4,46,66,0,2,0,0,10,8,0,0,0,4,5,0,0,75,18,3,0,0,3,8,0,6,8,0,0,0,0,0,0,0,0,0,0,2,0,11,2,0,1,0,0,4,0,6,8,5,14,22,16,0,1,30,0,0,0,20,30,0,8,0,9,0,0,0,4,21,90,47,0,9,21,17,16,12,0,0,0,0,0,0,0,0,0,10,0,0,0,0,0,6,0,0,0,0,0,975,0,0,0,0,12,14,0,0,0,0,0,0,0,0,0,0,0,0,0,0,0,0,0,0,0,0,0,0,0,0,0,0,2,0,9,0,0,4,2,8,0,0,0,0,6,0,0,0,0,0,15,0,6,0,0,0,0,0,0,0,0,0,0,325,6,6,0,0,128,40,48,0,19,0,0,0,0,0,2,13,0,11,0,8,0,0,3,0,0,1,0,0,0,0,0,0,0,0,0,1,0,0,0,4,0,0,0,0,0,0,0,0,5,0,0,5,0,0,0,0,0,0,15,0,0,2,0,0,0,0,0,0,0,1,0,1,50,140,0,1,0,0,0,1,0,0,27,10,7,31,918,0,200,0,80,97,130,180,1034,24,0,186,0,61,120,0,178,10,0,0,55,305,9,0,70,55,0,0,1,20,17,1,13,0,0,0,0,0,0,0,0,0,0,0,0,0,0,228,0,0,84,0,152,9,2,0,1,2,0,0,0,0,2,2,6,21,19,2,2,0,0,0,0,20,0,0,0,0,5,0,0,0,2,0,37,3,56,0,0,0,0,0,24,0,0,0,0,0,7,33,731,0,7,0,0,0,10,0,0,30,0,0,0,0,0,1,42,12,3,0,8,0,0,640,0,0,40,0,4,0,0,0,0,0,0,0,0,0,0,0,0,0,2,0,0,1,0,7,7,0,0,0,0,0,0,0,0
"18",0,0,0,0,0,2,0,0,5,0,0,0,0,0,0,0,0,0,0,0,10,0,0,0,0,0,0,0,0,0,0,0,0,0,0,0,1,2,0,0,0,0,2,0,0,0,0,0,15,0,0,0,0,0,0,0,0,0,0,0,6,0,24,0,0,11,0,0,0,1,0,0,0,0,0,0,0,0,0,0,0,0,0,0,3,0,0,0,0,0,0,0,0,0,0,0,0,0,0,0,0,0,0,0,0,0,0,0,0,0,3,0,0,0,0,0,0,0,0,0,0,0,0,0,0,0,10,0,0,0,0,0,0,1,6,7,6,0,10,0,145,142,0,30,1,0,0,0,37,0,0,0,53,0,25,0,0,13,2,0,21,0,0,0,0,0,1,0,0,0,19,0,2,0,2,0,0,4,0,0,3,0,4,5,1,9,3,12,0,3,41,0,0,0,5,30,0,3,2,8,3,5,1,7,19,32,27,4,5,17,29,28,6,0,0,0,0,0,1,1,2,0,0,47,0,4,0,0,0,0,0,0,3,1,0,0,0,0,0,5,0,0,0,11,7,0,0,0,0,0,0,0,0,3,0,0,40,0,0,70,0,0,0,0,0,0,0,2,0,0,0,0,15,17,5,1,0,0,0,0,0,0,0,0,0,0,0,13,0,0,20,0,0,0,0,0,0,0,54,64,0,0,0,8,0,1,0,0,32,8,0,0,0,0,0,0,0,0,0,0,0,0,0,0,2,0,0,0,0,0,0,0,0,3,4,0,0,0,0,47,1,0,3,0,0,0,0,3,0,14,1,0,0,0,0,79,0,4,2,0,0,0,0,0,0,0,0,10,0,0,0,0,10,0,1,0,0,0,0,0,0,0,0,7,0,912,30,0,0,14,5,70,0,515,17,5,1,1,30,0,0,0,0,0,0,0,0,2,10,90,5,0,0,0,52,52,20,11,0,0,0,0,0,0,0,0,0,0,0,0,0,0,24,0,0,16,0,4,10,2,3,5,0,0,0,0,0,2,0,0,67,53,5,1,0,0,0,0,0,0,0,0,0,0,0,0,0,1,0,6,0,0,0,0,0,0,0,2,0,445,228,165,0,9,0,836,838,100,249,0,0,0,0,0,4,0,0,0,0,0,5,0,0,0,0,0,0,0,0,400,5,12,0,0,0,6,6,0,0,0,0,0,0,1,4,3,3,1,15,0,0,0,0,0,0,0,0,0,0,0,0,0
"19",0,0,0,0,0,0,4,0,0,0,0,0,0,10,0,0,0,0,0,7,0,0,0,0,0,0,0,0,0,0,0,0,0,0,1,0,0,0,0,0,0,0,0,0,0,0,0,0,3,2,0,0,0,0,0,0,0,4,0,8,0,0,0,0,1,0,0,0,0,0,0,0,0,0,0,0,0,0,0,0,0,0,0,0,0,0,0,0,0,0,0,0,0,0,0,6,0,0,1,0,0,1,0,2,3,0,0,0,0,1,2,1,1,0,1,3,0,0,3,2,0,0,0,0,0,0,0,0,2,0,0,7,0,0,5,4,5,0,136,0,9,0,0,0,34,0,0,4,21,5,0,0,44,0,3,0,0,0,7,10,5,44,8,0,0,0,0,0,0,0,15,0,0,0,0,1,0,1,4,0,4,0,6,8,1,21,23,28,12,2,145,0,0,0,0,0,0,6,0,4,0,0,0,2,17,55,21,1,3,22,48,44,3,0,0,22,3,8,0,0,0,0,65,0,79,4,0,0,5,0,0,0,1,1,0,0,0,0,20,20,0,0,0,2,2,0,0,0,0,0,0,0,0,4,0,0,0,10,0,3,0,44,0,5,0,0,25,2,0,0,12,0,0,0,5,1,0,0,0,6,0,0,0,0,0,0,0,0,0,0,20,0,0,0,0,0,0,0,594,0,0,0,0,8,24,0,0,0,0,0,0,0,8,10,0,3,3,0,4,0,8,3,9,0,0,0,2,0,0,0,0,0,0,0,7,1,0,1,0,0,0,0,0,30,0,0,0,7,0,21,0,0,0,0,0,10,0,0,0,0,0,2,0,0,0,0,0,0,0,0,0,305,16,0,1,10,0,0,0,6,0,0,0,0,15,1203,31,0,0,67,0,0,0,851,0,0,0,0,45,67,0,0,34,0,0,254,100,11,0,0,0,0,0,0,73,3,0,14,0,0,0,0,0,100,0,0,0,0,1,17,0,0,8,84,0,32,76,480,2,0,1,0,0,2,0,0,0,0,4,0,75,53,52,4,0,0,0,0,1,0,0,0,0,0,0,0,0,0,2,53,0,2,0,0,0,0,0,30,0,0,0,251,0,19,0,138,109,119,41,0,0,0,40,1,3,0,0,0,3,0,0,0,0,0,0,4,0,0,500,0,0,32,0,0,1,4,4,0,7,20,20,98,0,0,0,0,0,0,0,0,1,0,0,0,0,0,0,0,0,0,0,0
"20",0,0,0,0,0,2,2,0,0,51,0,0,0,0,0,0,2,0,0,8,0,0,0,0,0,0,20,0,0,0,0,0,0,0,0,0,0,0,0,0,0,0,0,0,0,0,0,4,26,0,0,0,0,0,0,0,0,0,0,0,0,0,0,0,0,0,0,0,0,0,0,0,0,0,0,0,0,0,0,0,0,0,0,0,0,0,0,0,0,0,0,0,0,0,0,6,0,0,1,1,0,0,0,2,1,0,0,0,0,1,2,1,2,1,1,1,2,0,1,1,0,0,0,0,0,0,10,0,34,0,2,31,0,1,2,3,0,1,24,0,52,2,0,0,13,0,0,0,5,0,0,0,0,0,0,0,0,19,3,0,0,0,12,0,0,0,0,106,31,0,0,0,0,0,0,45,0,2,0,0,5,0,2,7,3,21,22,22,8,0,16,0,0,0,0,0,0,4,7,6,25,0,0,3,13,26,28,0,0,11,12,6,0,0,0,15,0,0,0,0,0,0,26,0,0,0,0,4,0,0,0,0,0,0,0,0,0,2,19,0,0,0,0,1,25,0,0,0,0,0,0,0,0,0,0,5,0,15,0,10,0,70,35,10,0,0,0,0,0,0,9,0,0,2,12,0,0,0,0,12,0,0,0,0,0,10,0,0,0,0,0,0,0,0,0,0,0,0,131,0,0,0,0,24,0,0,0,0,6,0,10,8,12,0,4,1,0,0,12,8,0,0,15,0,0,25,0,0,0,0,0,0,1,5,0,0,0,0,0,0,0,0,0,16,0,0,0,6,0,91,12,4,80,0,0,0,0,4,0,0,4,0,0,0,0,0,0,0,0,0,0,70,50,0,0,15,5,0,0,0,0,0,0,0,60,596,0,198,0,3,0,5,0,197,17,0,0,0,0,0,0,75,5,0,0,0,0,0,0,213,10,0,0,3,7,35,0,6,12,0,0,0,10,0,0,0,0,0,0,0,0,0,144,88,0,72,8,52,11,0,2,2,3,2,2,0,10,0,0,0,21,6,0,7,0,0,44,0,20,0,0,0,0,5,0,4,0,5,0,31,0,2,0,0,4,0,0,20,0,400,21,10,0,9,0,362,1033,495,272,0,2,0,0,0,0,0,0,0,0,3,5,0,10,0,0,0,0,0,0,0,25,0,0,0,0,6,6,0,0,0,0,98,0,0,3,3,3,2,0,0,0,480,0,0,0,0,0,0,0,0,0,0
"21",0,0,0,0,0,4,0,0,2,8,0,0,0,15,0,0,0,0,0,8,0,0,0,0,0,0,0,0,30,0,0,0,0,0,0,0,0,0,0,16,0,10,0,0,0,0,0,2,23,0,0,0,0,0,0,0,0,10,1,1,0,0,0,0,1,0,0,4,0,0,0,0,0,0,0,0,0,0,0,0,0,0,2,0,0,0,30,0,0,0,0,0,0,0,0,0,0,0,0,0,2,1,8,0,1,0,0,0,20,0,0,0,0,0,1,1,0,0,1,0,0,0,0,0,0,0,10,0,0,0,0,7,0,0,5,0,2,0,108,11687,17,2,0,10,2,2,0,0,10,0,0,0,0,0,10,0,0,44,15,0,12,0,0,0,0,1,0,14,50,0,0,0,0,12,0,3,0,1,3,2,3,0,3,3,4,8,13,15,5,0,32,2,0,0,600,100,0,0,7,11,2,1,0,5,6,26,30,2,1,15,38,35,2,0,0,0,2,4,1,0,0,0,5,79,0,1,0,11,0,0,0,0,0,0,0,0,0,0,0,10,0,0,57,0,130,0,4,0,0,0,0,0,0,0,0,0,0,0,0,0,0,0,0,0,0,0,23,0,2,3,15,0,7,18,5,2,0,0,0,26,0,0,0,0,0,0,0,27,0,0,50,0,0,0,0,52,30,0,64,0,42,32,0,0,0,0,0,6,0,3,6,0,8,0,0,14,0,8,0,0,0,0,3,0,2,0,20,0,0,0,0,0,9,7,0,0,0,0,60,10,5,0,0,2,0,0,0,4,0,0,3,16,73,0,0,4,0,0,0,0,0,0,0,0,0,0,0,54,0,5,0,0,62,0,2,745,0,0,5,0,0,0,6,0,647,863,0,0,0,24,390,370,0,1728,24,1,0,0,0,0,0,7,226,0,1040,0,161,40,0,20,64,0,0,8,41,34,0,11,0,0,0,0,0,100,0,0,0,0,0,18,0,0,110,0,0,0,56,80,6,0,3,0,0,0,0,0,14,0,0,0,17,44,13,0,0,0,17,0,0,1,0,0,0,5,1,0,0,4,0,37,5,0,3,4,0,0,1,8,0,4,0,1,0,4,5,436,151,5,49,0,9,5,0,0,0,0,0,0,0,12,0,11,0,0,0,0,1310,5,0,0,0,0,0,20,0,0,0,0,25,0,0,3,0,0,10,9,9,6,0,0,0,0,0,0,0,0,0,0,0,0,0,0
"22",0,0,0,0,0,0,0,4,2,9,0,0,0,0,0,0,0,0,0,0,5,0,2,0,0,0,0,0,0,0,0,0,0,0,0,0,0,0,0,0,0,0,0,0,0,0,0,1,5,0,0,0,0,10,0,0,0,2,0,2,0,0,0,0,0,0,0,0,0,1,0,0,0,0,0,0,0,0,0,0,0,0,0,0,0,0,0,30,0,0,0,0,0,0,0,0,0,0,1,1,2,0,0,4,1,0,1,0,5,1,4,1,3,1,0,1,4,0,1,0,0,0,2,0,0,0,1,0,0,8,0,0,0,1,11,8,13,0,90,0,64,54,5,44,73,0,0,0,24,0,29,0,0,0,0,0,6,4,8,0,16,0,0,0,0,3,0,0,0,0,0,3,1,15,0,0,0,1,0,0,1,0,6,6,0,8,17,16,1,5,4,0,0,7,230,830,0,2,0,15,8,0,0,2,33,58,53,0,1,15,26,45,1,0,0,0,0,0,2,0,0,10,50,12,0,0,0,29,0,0,0,0,0,2,0,0,0,0,61,13,20,0,0,10,30,0,0,10,0,0,0,0,0,0,0,0,0,0,0,25,0,25,25,25,0,0,0,0,0,0,33,0,3,0,1,0,0,0,0,0,0,0,0,0,0,0,0,6,0,0,0,0,0,0,0,0,0,0,28,46,0,0,0,8,0,0,0,0,0,0,0,14,0,0,0,0,0,6,12,0,0,0,0,0,4,0,2,3,0,2,0,0,4,0,0,0,0,1,0,63,0,0,0,0,0,0,0,2,0,0,0,0,3,0,0,2,0,0,0,0,0,0,0,0,0,0,0,2,0,0,0,68,30,0,1,0,0,0,0,0,9,50,20,0,429,835,10,70,0,20,27,30,2499,0,49,6,0,5,0,175,0,0,3,2,65,0,165,3,0,38,0,0,0,7,55,106,41,0,0,0,0,0,0,0,0,199,0,0,0,6,0,0,16,16,0,16,16,0,18,0,1,0,0,0,0,0,0,2,0,0,31,43,4,0,0,0,0,18,0,0,0,0,0,0,5,0,0,6,2,0,0,0,0,3,3,0,0,0,0,89,86,5,0,6,0,80,717,749,66,0,0,10,0,0,0,0,0,0,0,0,0,0,0,0,0,0,230,0,60,0,0,4,0,7,0,3,2,0,0,228,102,22,0,0,5,8,8,5,2,0,0,0,0,0,0,0,0,0,0,0,0,0
"23",0,0,0,0,0,0,0,0,0,0,1,0,0,0,0,0,0,0,0,0,0,0,0,0,0,0,0,0,0,0,0,0,0,2,2,0,0,0,0,2,0,5,0,0,0,0,0,1,0,0,0,0,0,24,48,0,16,16,0,0,0,0,0,0,0,0,0,0,0,2,1,0,0,0,0,0,0,0,0,0,0,3,0,0,6,0,0,0,0,0,0,0,0,0,0,0,0,0,0,0,0,0,0,0,4,0,2,0,0,0,0,0,7,0,4,7,2,0,6,0,0,0,0,0,0,0,0,0,2,8,0,0,0,2,3,15,3,0,103,0,200,0,0,100,3,0,0,2,3,0,0,11,0,0,0,0,0,0,7,0,2,0,0,0,0,0,0,0,0,0,0,69,0,90,0,0,0,1,1,0,3,21,15,5,4,22,18,25,0,0,79,0,0,0,0,0,0,13,7,14,1,0,0,3,30,58,40,0,2,18,52,29,4,0,0,0,0,0,0,0,0,0,0,0,40,1,0,0,2,0,0,0,0,2,0,100,0,0,0,1,0,0,0,0,0,1,0,0,0,0,0,0,10,0,0,0,0,40,0,10,40,6,0,0,12,8,5,0,0,0,16,0,0,0,9,0,0,0,0,0,0,0,0,5,15,0,1,20,0,0,20,0,0,0,0,0,0,0,2,20,0,46,0,128,0,0,0,0,17,2,16,2,0,15,3,0,4,0,4,0,0,0,0,0,0,0,4,0,0,0,0,0,8,1,0,0,0,0,3,12,6,0,0,0,0,0,0,8,0,7,0,0,3,0,0,9,3,5,2,0,0,2,6,0,0,0,0,0,0,0,0,1,0,0,0,0,0,3,0,0,0,50,0,11,28,641,0,0,0,0,0,0,0,500,0,12,0,0,0,32,1070,200,3,0,1449,390,720,5,0,0,0,200,0,0,27,23,2,0,3,0,0,2,0,0,50,113,0,0,0,4,0,0,80,0,0,16,15,0,24,0,0,1,0,0,1,0,0,0,2,20,53,0,0,2,0,0,0,0,0,0,0,0,0,0,4,0,0,1,0,32,3,0,0,1,5,0,0,0,0,356,0,11,0,4,0,80,930,80,4,16,0,0,0,0,0,0,0,0,0,0,9,0,8,0,0,4,500,0,0,80,0,57,0,0,0,0,0,0,0,0,0,10,0,0,7,4,4,2,0,0,0,0,0,0,2,0,0,0,0,0,0,0
"24",0,0,0,0,0,0,0,1,4,9,0,0,0,0,0,0,0,0,0,3,5,0,0,0,0,0,0,122,0,0,0,0,0,1,1,0,9,0,0,0,0,0,0,0,3,0,0,5,6,0,0,4,0,0,0,0,0,9,1,10,0,3,0,0,0,0,0,0,48,0,7,0,0,0,0,0,0,16,0,0,0,0,0,0,0,0,0,0,0,0,0,0,0,0,0,0,0,0,0,0,1,0,2,0,0,0,0,0,0,0,0,0,0,0,0,0,0,0,0,1,0,0,0,0,0,0,0,0,2,0,3,0,0,1,1,6,3,0,42,0,0,0,0,6,0,0,0,7,10,20,0,0,0,0,0,0,0,0,3,0,1,20,0,0,0,0,0,0,0,0,0,0,0,3,0,0,0,0,0,1,0,1,4,5,7,12,20,18,0,1,17,0,0,0,0,0,0,2,4,14,8,2,0,1,13,14,18,7,0,16,18,6,4,0,0,0,0,0,0,4,0,0,47,0,14,4,0,5,0,0,0,0,0,2,0,0,0,0,0,0,0,0,0,0,0,0,0,0,0,0,0,0,0,0,0,0,0,5,0,2,0,0,5,0,0,0,11,2,0,1,2,0,9,0,16,3,0,0,0,14,5,2,0,1,0,0,0,3,0,0,20,0,4,0,1,0,0,0,0,0,0,0,0,0,0,0,0,10,0,1,0,0,0,0,0,0,0,11,12,0,0,0,0,2,3,0,20,0,0,1,0,0,3,0,0,0,0,0,0,1,0,1,0,2,0,0,0,2,0,0,0,0,1,0,0,2,0,4,2,0,0,3,4,0,0,0,0,22,0,0,0,6,50,2,0,2,0,0,0,0,15,0,0,14,69,575,24,0,0,10,0,20,0,0,10,2,0,9,0,125,0,0,19,0,600,696,850,1,0,18,0,0,0,0,22,21,0,0,0,0,0,0,0,0,0,40,0,0,0,5,0,0,36,0,0,40,0,0,9,4,1,3,0,0,0,7,0,2,0,4,33,14,16,2,0,98,18,0,0,0,11,0,0,6,2,0,0,2,2,12,11,0,2,4,4,0,0,0,0,0,0,0,0,3,0,0,154,75,62,0,0,0,0,0,0,0,0,0,5,0,0,6,0,0,0,0,6205,12,100,0,0,0,0,1,0,1,2,0,2,20,10,0,0,0,11,9,8,9,0,0,23,0,0,0,1,0,0,0,0,0,0,0
"25",0,0,0,0,0,0,6,0,1,24,0,0,0,6,5,0,0,0,0,0,10,0,0,0,0,0,0,0,0,0,0,0,0,0,0,0,0,0,0,0,0,6,1,0,0,4,0,2,35,0,0,0,0,0,0,0,0,5,0,2,1,0,0,0,4,0,0,0,0,0,0,0,0,0,0,0,20,0,0,0,0,0,4,0,1,0,0,0,0,0,0,0,0,0,0,10,0,0,0,0,0,0,3,2,0,0,0,0,0,0,0,0,0,0,0,0,0,0,0,2,0,1,0,1,0,0,0,0,2,0,0,0,0,1,1,1,1,0,11,0,0,0,0,0,0,0,0,0,2,4,662,0,0,0,0,0,0,37,4,0,3,0,0,0,2,0,0,0,0,0,0,0,0,0,0,9,0,0,0,0,0,0,1,1,0,5,4,3,1,0,15,3,0,0,2661,756,0,3,1,3,0,0,2,1,0,13,6,0,0,0,3,2,0,0,7,0,0,0,0,0,1,0,0,0,0,0,0,0,0,0,0,0,0,1,0,0,0,0,5,9,0,0,0,2,0,6,0,0,0,0,0,0,0,0,0,0,0,0,0,0,5,5,0,0,0,2,10,2,0,0,0,0,10,0,11,0,0,0,0,17,0,0,0,0,0,0,0,2,0,0,30,10,12,0,0,0,0,0,0,0,0,2,200,0,0,0,0,9,0,0,4,4,4,0,0,4,4,0,22,0,0,0,0,0,8,2,12,1,9,28,0,0,0,0,2,0,0,0,0,0,0,0,0,14,0,0,0,2,0,0,0,0,9,0,0,3,0,0,2,0,0,0,0,0,0,0,0,6,0,0,0,0,20,0,0,10,3,0,0,0,0,20,0,0,35,420,0,7588,0,20,0,0,3510,3500,0,0,0,6,0,0,0,204,40,0,90,0,0,4,0,0,386,0,0,0,31,3,0,0,0,24,0,12,0,0,225,0,88,0,0,0,0,0,0,16,0,16,0,0,0,4,0,0,0,0,3,35,0,2,0,9,24,45,4,0,0,0,0,0,0,0,0,0,0,5,4,0,1,0,0,0,3,3,0,0,0,0,0,22,200,236,0,12,0,5,0,150,31,250,110,0,0,6,0,0,0,0,0,6,0,0,0,0,0,0,0,0,115,0,0,200,0,0,0,0,0,0,2,0,2,0,0,0,0,8,4,0,0,0,0,0,6,0,22,22,10,0,0,0,0,0,0,0
"26",0,0,0,0,0,0,2,0,1,12,0,0,0,0,2,0,0,0,0,8,0,0,0,0,0,0,0,0,0,0,0,0,0,0,0,0,0,0,0,18,0,16,0,0,0,0,0,2,12,0,0,0,0,10,0,0,0,0,0,0,4,0,22,0,0,9,0,0,12,1,0,0,0,0,0,0,0,0,0,0,0,0,0,0,1,0,0,0,0,0,0,0,0,0,0,0,0,0,0,0,3,0,5,0,1,1,0,0,0,0,0,0,0,0,0,1,0,0,0,0,0,0,0,0,0,0,0,0,0,0,0,2,0,1,3,17,19,0,110,1,30,0,0,80,8,0,0,16,26,0,391,0,0,0,0,0,0,17,10,2,8,0,0,0,0,0,0,0,0,0,0,0,0,23,0,0,0,1,0,0,2,0,7,5,1,7,12,21,3,1,8,0,0,0,0,0,0,0,11,5,0,0,0,6,16,41,22,0,0,7,27,19,6,0,0,0,0,0,0,0,0,0,5,0,0,15,0,20,0,0,0,0,0,0,150,150,0,0,1,15,0,0,0,4,0,10,0,0,0,0,0,0,0,0,0,0,2,15,0,30,35,10,22,10,10,2,30,0,0,0,6,0,0,1,0,0,0,0,0,2,10,0,0,1,0,0,0,0,0,10,0,10,0,0,0,0,0,0,0,0,0,0,0,8,0,0,0,0,4,0,0,8,2,0,0,0,14,11,14,0,4,0,13,0,14,0,0,0,0,0,8,0,0,0,0,0,0,0,0,0,0,0,0,0,0,0,0,1,0,0,0,0,0,0,0,8,0,0,2,0,1,0,0,0,20,0,0,1,0,3,0,29,65,0,0,5,0,0,0,0,0,10,10,5,8,1215,17,6903,0,10,0,162,400,786,20,0,0,0,0,55,0,95,120,0,1480,0,20,10,0,15,5,0,0,0,3,3,0,94,0,0,0,0,647,100,25,47,0,0,1,0,0,0,0,14,0,0,0,0,0,0,4,10,0,0,0,0,0,1,0,0,6,3,0,12,0,0,0,0,0,0,0,0,0,0,4,0,0,0,0,14,2,6,2,1,0,0,0,27,105,51,87,24,0,10,6,108,272,418,136,0,0,0,0,0,4,0,0,0,0,0,0,0,0,0,0,0,500,0,400,0,0,0,0,0,0,2,0,0,5,0,0,0,3,0,2,4,2,2,0,0,1,0,0,0,0,0,0,1,0,0,0,0
"27",0,0,0,0,0,0,0,0,1,2,0,0,0,0,0,0,0,0,0,6,0,0,0,0,0,0,0,0,0,0,0,0,0,6,5,0,2,1,8,0,0,2,0,0,0,0,0,1,24,0,0,0,0,0,0,0,0,0,0,0,0,0,0,0,0,0,0,0,0,0,0,0,0,0,0,0,104,0,0,0,0,0,9,0,0,0,0,0,0,0,0,0,0,0,0,2,0,0,0,0,3,0,0,0,2,0,0,1,0,0,7,0,2,0,4,2,2,6,2,1,0,0,0,0,0,0,0,0,0,0,0,0,0,2,2,6,11,0,69,0,0,0,0,8,1,5,0,0,6,0,107,0,8,11,0,0,0,0,2,0,5,7,0,0,0,0,0,0,0,0,1,0,3,0,0,0,0,1,1,1,1,0,2,3,0,4,6,10,4,0,7,0,0,0,0,0,0,1,5,17,0,0,0,1,17,26,14,0,0,3,14,10,3,0,0,0,0,0,0,3,1,0,20,7,0,0,0,10,0,0,60,0,0,1,0,0,0,0,2,0,10,0,0,2,44,0,0,0,0,0,0,0,0,16,0,0,0,0,0,0,0,2,0,0,0,0,0,0,1,4,5,0,0,8,0,0,0,0,0,0,0,0,0,0,0,0,0,1,0,0,30,10,60,0,0,0,0,0,0,0,0,0,0,48,192,1,0,2,4,0,0,10,1,24,0,1,0,0,11,0,4,6,13,0,0,0,12,0,0,0,0,0,0,0,2,0,0,1,8,0,0,0,0,9,0,0,0,0,0,0,0,0,2,0,1,3,6,0,2,0,0,0,0,1,11,0,0,4,0,1,0,0,0,0,4,0,0,0,0,0,44,2,0,113,5,704,0,100,0,2,36,120,130,330,0,0,0,0,0,89,0,0,0,0,100,0,120,8,498,12,0,0,0,0,0,2,2,0,0,0,0,3,343,0,0,0,0,0,0,11,0,0,276,0,0,32,3,196,8,22,4,6,12,12,0,19,0,0,0,5,1,3,2,1,0,0,0,1,10,4,0,0,0,5,0,0,0,0,1,48,0,0,2,0,0,0,0,20,0,1,100,161,0,3,0,52,567,173,0,0,4,6,30,0,2,0,0,0,3,0,1,8,0,0,0,4,35,0,0,0,0,64,0,0,1,0,0,3,0,0,0,0,0,0,0,0,0,0,0,0,0,0,0,0,0,0,0,0,0,0,0,0
"28",0,0,0,0,0,0,0,0,0,2,0,0,0,11,2,0,0,2,0,6,10,0,0,0,0,0,0,0,0,0,0,0,0,0,0,0,1,1,0,0,0,0,0,0,0,0,0,0,0,0,0,0,0,0,0,0,16,0,0,0,0,0,0,0,0,12,0,0,0,0,0,0,0,0,0,0,0,0,0,0,0,0,0,0,1,0,0,0,0,0,0,0,0,0,300,0,0,0,0,0,3,1,0,0,1,1,0,9,0,0,0,0,0,0,1,1,1,0,1,3,0,0,0,0,0,0,0,0,4,0,0,0,0,2,4,5,1,0,30,0,2,0,0,40,27,79,0,0,68,0,0,0,20,9,0,0,0,0,14,0,17,6,0,0,0,0,0,0,0,0,6,1,0,10,0,0,0,0,0,2,1,0,5,5,0,30,37,36,0,1,9,0,0,0,0,0,0,2,8,31,0,2,0,4,29,53,43,2,1,25,28,26,0,0,0,0,0,0,0,3,1,0,13,10,0,0,0,0,0,0,0,0,0,0,0,0,0,0,21,5,0,20,0,0,0,2,0,0,0,0,0,0,0,10,42,0,0,20,15,28,35,20,0,10,11,12,0,0,6,26,1,0,0,6,0,0,0,11,0,15,4,0,0,0,0,0,0,0,0,0,20,0,16,0,0,40,0,0,0,0,7,0,0,8,16,0,0,2,8,1,3,21,0,0,2,0,8,19,44,4,0,13,7,0,0,4,0,0,0,0,0,0,0,0,0,15,4,0,0,10,0,0,0,0,0,0,0,2,0,7,0,0,2,0,0,9,5,0,0,0,0,0,0,0,10,0,0,0,42,0,0,0,5,0,0,0,0,0,0,0,0,0,0,4,35,430,10,100,0,10,0,110,175,175,0,78,0,0,0,2,0,0,2,0,0,0,100,14,20,0,0,0,0,0,1,1,0,0,0,0,0,0,0,0,0,0,0,0,0,3,0,0,28,0,0,16,32,16,2,0,4,0,2,0,0,13,0,9,1,2,0,0,0,1,6,0,0,0,6,0,0,0,0,0,0,0,0,2,2,27,0,0,0,0,0,0,0,10,0,1,14,14,0,10,150,610,65,489,38,0,1,12,0,4,2,0,0,0,3,0,0,0,0,10,0,0,0,0,0,120,0,0,0,0,0,0,0,1,0,0,0,0,0,10,2,2,2,2,1,6,0,0,0,0,0,0,0,0,0,0,0,0
"29",0,0,0,0,0,20,0,6,0,18,0,0,0,0,0,0,0,0,0,0,0,0,0,0,0,0,0,0,0,0,10,0,0,0,0,0,0,0,0,0,0,5,0,0,0,0,0,0,0,0,0,0,0,2,0,0,0,0,2,4,2,0,0,0,4,9,0,0,0,2,0,0,0,0,0,0,0,0,0,0,0,0,0,0,1,0,0,0,0,0,0,0,0,0,0,0,0,0,0,0,0,0,0,0,0,0,0,0,0,0,0,0,0,0,0,1,0,2,1,0,0,0,0,0,0,0,0,0,0,0,0,0,0,0,1,1,0,0,1,0,0,0,0,0,10,10,0,0,87,0,63,0,54,0,0,0,0,24,12,3,6,0,0,0,0,3,0,0,0,0,1,0,1,0,0,0,0,2,0,0,13,0,20,20,3,16,28,21,0,1,86,0,0,0,0,0,0,0,15,30,23,3,1,9,22,72,50,1,6,34,50,27,4,0,0,0,0,2,0,0,0,0,28,0,0,0,0,0,0,0,0,0,0,0,60,0,0,0,40,16,0,0,0,0,2,2,0,0,5,0,0,0,0,45,5,0,0,5,0,13,5,0,28,0,5,2,64,0,0,0,4,0,0,1,0,0,0,0,4,0,0,0,0,0,0,0,3,4,0,0,0,0,28,0,0,0,0,0,0,0,0,0,0,68,0,96,0,0,0,0,0,0,11,0,0,2,4,22,3,3,0,0,3,1,0,0,0,0,0,0,0,0,0,0,0,0,0,0,0,35,0,3,0,0,0,0,0,1,0,0,0,0,15,0,0,3,0,0,0,0,0,0,0,0,26,0,111,1,35,0,0,34,36,0,13,10,0,0,0,0,6,50,0,226,6,336,0,0,0,31,65,178,1000,2134,12,1,0,1,4,47,0,28,0,0,0,0,150,10,10,0,10,0,0,5,3,3,0,4,0,0,0,0,20,466,0,0,2,62,0,0,0,0,0,32,0,16,21,8,3,0,4,0,0,0,0,0,10,0,0,0,6,7,0,1,4,0,2,0,0,0,2,0,0,0,0,4,0,0,0,0,0,0,0,0,0,0,0,40,30,2,100,194,0,0,0,127,150,220,100,0,0,0,0,0,2,0,0,0,0,0,30,0,0,0,0,0,0,0,0,0,0,24,54,0,0,0,0,0,0,0,0,0,0,0,1,0,1,1,0,0,0,0,0,0,1,0,0,0,0,0,0,0
"30",0,0,0,0,10,10,0,0,0,20,0,0,0,28,9,0,2,0,0,3,11,0,2,0,0,0,0,0,6,0,0,10,0,0,0,1,0,0,0,0,0,0,2,0,2,0,1,0,55,18,0,0,0,2,0,0,0,4,0,6,0,0,0,0,9,0,0,0,0,1,0,2,0,0,2,1,0,0,0,0,0,0,0,0,0,0,0,0,1,0,0,0,0,0,0,0,0,0,2,1,2,1,0,2,0,0,2,0,0,1,0,1,0,1,0,0,2,0,0,0,2,0,0,0,0,0,0,0,0,0,0,2,0,0,6,6,5,0,246,200,60,0,40,68,42,25,0,0,39,0,46,0,62,4,0,0,0,45,6,1,7,45,0,0,0,13,0,0,0,0,3,0,0,4,0,3,0,2,0,3,7,5,9,13,16,21,32,70,18,0,112,0,0,0,0,0,0,18,28,14,18,1,0,12,62,148,101,0,14,21,85,36,10,0,0,0,0,0,0,3,0,0,39,0,0,16,0,0,0,0,43,0,0,0,0,0,300,5,5,16,1,0,0,0,32,17,0,0,0,0,0,0,0,9,15,0,0,15,0,44,4,22,0,12,0,10,0,2,0,4,3,0,3,8,1,0,0,0,0,141,0,5,0,0,0,9,0,17,0,2,40,0,56,0,0,4,0,0,0,0,40,0,0,234,0,0,0,5,2,0,2,8,0,0,27,11,10,3,18,0,13,0,4,2,6,0,4,0,0,0,0,0,0,0,9,45,0,0,65,1,0,0,0,0,0,0,0,4,0,0,0,0,9,0,0,4,6,0,0,0,0,0,0,2,3,0,4,4,4,33,0,0,31,0,10,0,10,0,0,25,2,0,20,18,17,1041,7,180,0,0,178,55,150,322,20,20,0,2,68,50,0,142,10,0,0,55,1055,5,5,30,5,0,0,5,3,6,0,103,5,0,0,0,112,0,0,0,0,1,0,0,0,0,24,0,0,40,32,99,27,0,7,6,0,2,2,4,0,6,0,0,5,6,2,0,5,0,15,0,10,4,0,42,42,5,0,10,0,5,1,22,4,0,4,0,0,2,0,54,0,0,0,191,0,5,31,153,180,272,75,0,0,2,30,61,62,0,0,0,0,0,10,48,18,28,0,0,0,0,600,160,0,240,0,0,0,0,0,0,6,0,0,0,0,12,6,3,2,1,0,2,0,0,0,0,0,0,1,1000,0,0,0,0
"31",0,0,0,0,2,42,0,0,0,6,0,0,0,14,6,0,0,0,0,0,0,0,2,0,0,4,30,0,0,0,0,2,0,1,1,0,0,0,0,0,2,0,0,0,0,0,0,1,20,7,0,1,0,5,0,0,0,20,0,14,0,0,0,0,2,0,0,0,0,1,0,0,0,0,0,0,0,0,0,0,0,0,0,0,1,0,19,0,0,1,0,4,0,0,0,0,96,0,0,0,11,0,6,0,0,0,7,0,0,0,3,0,1,0,0,0,0,0,0,2,0,0,0,0,0,0,0,0,0,0,6,34,0,0,0,8,2,0,123,0,9,30,0,82,31,48,0,0,13,0,59,0,42,0,0,0,0,92,6,0,6,0,0,0,50,0,0,64,0,0,17,12,0,0,0,0,0,2,0,0,3,2,7,11,4,13,0,15,0,1,56,0,0,0,0,0,0,6,0,5,5,0,1,5,14,43,22,3,1,0,22,17,0,0,0,0,0,0,5,7,0,0,10,0,0,4,0,10,4,0,0,24,0,5,1000,0,0,0,4,9,0,1,0,0,2,2,0,0,2,0,0,0,0,18,5,0,0,15,0,27,5,16,35,20,15,2,0,30,0,5,9,0,0,0,10,0,0,0,0,32,0,0,0,0,0,0,0,6,0,14,20,0,192,0,0,0,0,0,0,0,0,0,24,0,60,0,0,2,4,0,0,0,0,4,0,6,14,0,4,8,0,1,4,0,0,0,0,0,0,0,0,0,0,0,0,0,0,0,0,21,0,0,0,0,0,0,0,1,0,0,0,0,4,0,0,12,0,0,0,0,0,0,0,0,20,8,1,29,14,3,0,0,0,0,0,0,0,0,0,0,3,45,20,12,49,678,0,100,0,11,0,332,262,742,48,0,0,5,0,35,0,0,74,0,0,970,620,0,35,0,5,0,0,3,0,0,0,0,0,0,0,0,0,0,0,0,0,2,0,8,0,0,36,0,0,52,48,8,1,2,2,0,0,5,0,2,0,4,0,0,10,5,2,1,2,0,5,0,0,0,0,210,210,7,15,0,0,4,2,46,1,2,0,0,1,0,0,47,0,319,0,738,0,8,0,167,69,96,123,0,0,0,0,0,0,0,0,0,0,0,8,20,3,4,0,0,0,0,0,240,0,11,0,0,0,0,0,1,0,30,20,0,0,10,1,1,1,2,0,0,0,0,0,0,3,0,0,0,0,0,0,0
"32",0,0,0,0,0,0,0,0,8,52,0,0,0,0,0,0,0,0,0,0,0,0,0,0,4,0,80,0,0,0,0,0,0,0,0,0,10,0,0,0,0,0,6,0,0,0,2,3,1,0,0,0,0,0,0,0,0,0,0,0,0,0,0,0,2,0,0,0,0,0,0,0,0,0,0,0,0,0,0,0,0,0,4,0,10,0,0,26,0,0,0,0,0,0,0,0,0,0,0,0,2,1,0,0,3,3,0,0,0,0,2,0,3,0,0,5,0,0,3,1,0,0,2,0,0,0,21,0,0,4,0,0,61,0,0,4,28,0,51,23800,5,7,10,5,4,43,0,0,24,0,0,0,87,0,0,0,0,12,5,1,8,0,0,0,0,0,1,0,10,0,0,0,0,0,0,0,0,0,8,0,7,14,7,4,1,5,0,2,9,2,16,0,0,0,469,2294,1630,0,6,0,22,0,0,5,20,39,21,3,4,35,26,21,19,0,0,0,1,2,0,0,2,0,13,0,0,0,0,4,0,0,0,0,0,5,150,0,0,0,8,10,3,0,0,5,6,20,0,0,0,0,0,0,0,0,40,0,0,60,0,12,42,0,0,0,14,10,0,26,0,1,4,0,3,5,0,0,0,0,8,12,0,0,0,0,0,0,0,1,0,0,20,0,36,0,0,0,0,0,0,0,0,0,0,0,50,0,0,10,2,1,4,14,4,2,0,2,0,17,13,0,0,0,1,0,0,26,0,5,1,10,0,0,0,0,5,0,0,1,7,1,0,0,0,13,0,0,0,33,0,0,0,0,2,0,0,20,0,0,0,0,0,0,0,0,7,0,0,1,0,0,0,30,10,0,0,0,15,0,0,0,6,5,0,60,30,696,0,21,0,48,0,50,355,477,24,0,0,2,79,60,0,0,40,0,0,30,15,13,16,64,0,0,0,0,3,6,0,0,0,0,0,0,0,210,0,0,0,0,0,0,0,0,12,0,0,228,0,0,14,16,6,1,5,0,12,0,0,6,0,0,11,7,0,3,0,0,0,0,0,8,0,0,0,0,0,40,0,1,0,10,0,2,2,0,2,0,0,0,0,385,0,90,0,7,0,76,147,121,50,0,4,18,0,0,0,0,0,0,6,0,2,0,27,10,0,0,0,0,0,160,0,0,0,0,0,2,2,2,12,0,0,0,0,0,15,6,5,5,0,0,0,0,0,0,0,0,219,0,0,0,0,0
"33",0,0,0,0,0,0,2,0,0,25,0,0,0,2,0,0,0,0,0,10,0,0,0,0,0,0,0,0,0,0,0,0,0,2,0,17,0,0,0,0,0,0,0,0,0,0,0,2,19,2,0,0,0,0,0,0,0,7,0,7,4,1,12,10,3,25,0,0,0,1,0,0,0,2,0,0,0,0,0,0,0,0,0,0,0,0,0,0,0,0,0,0,0,0,0,0,0,0,0,0,0,1,0,9,0,0,0,0,0,0,0,0,0,0,0,1,0,0,0,0,0,1,2,6,6,4,0,0,0,0,0,1,0,0,3,9,10,0,128,20055,113,6,0,26,2,15,0,0,10,0,100,0,19,0,0,0,0,3,4,11,6,0,0,0,0,5,0,0,0,0,0,0,0,0,0,0,0,1,0,2,2,1,8,16,3,14,0,0,0,0,54,0,0,0,0,0,950,4,0,6,5,2,0,2,8,103,91,2,3,5,16,20,7,0,1,0,1,2,1,7,0,0,20,29,0,0,0,30,2,0,0,0,0,0,0,0,0,0,20,40,22,5,0,0,0,0,0,0,0,0,0,0,0,19,0,0,0,10,0,17,0,0,5,0,0,0,0,0,0,0,5,0,0,25,5,0,0,4,0,0,0,0,0,0,0,22,0,3,0,0,20,10,0,0,0,0,0,0,0,0,0,0,0,0,64,0,0,0,40,6,6,0,0,4,0,6,29,16,4,0,23,0,8,0,4,0,1,0,0,13,0,0,0,0,1,0,0,0,0,0,0,0,0,0,0,0,0,9,0,0,0,0,20,0,0,9,0,0,0,0,0,3,0,0,0,0,0,0,26,1,0,0,130,0,0,0,0,6,1,0,3,2,6,58,110,1022,8,55,0,0,0,4,427,804,0,0,0,4,7,9,0,79,13,0,0,0,600,0,0,52,5,0,0,2,3,2,0,0,0,0,0,0,0,145,0,0,0,0,0,0,44,0,60,0,0,44,0,184,15,16,0,1,4,2,0,6,0,2,1,0,0,0,11,0,0,0,2,0,0,4,0,0,0,0,0,10,0,1,0,38,6,196,0,2,1,0,0,20,0,0,0,30,0,8,0,48,212,95,2,9,0,0,0,0,0,0,0,0,0,0,1,0,0,0,0,0,0,0,300,0,0,0,0,0,0,0,0,0,5,0,0,0,0,8,0,0,0,0,0,0,0,0,0,3,2,0,100,0,0,0,0,0
"34",0,0,0,0,0,35,0,0,0,0,0,0,0,0,0,0,0,0,0,0,0,0,0,0,0,0,0,0,0,0,0,0,0,0,0,0,1,2,0,0,0,0,2,0,0,0,0,1,2,0,0,0,0,10,0,0,0,0,0,0,0,0,0,0,0,0,0,0,0,0,0,0,2,0,0,0,0,0,0,0,0,0,0,0,0,0,0,0,0,0,0,0,0,0,0,0,0,0,0,0,0,0,2,0,0,0,0,0,0,0,0,0,0,0,0,0,0,0,0,0,0,0,0,0,0,0,0,0,0,3,0,0,0,0,0,0,4,0,23,0,0,1,0,0,1,0,0,0,2,0,67,0,0,0,0,0,0,0,1,2,3,0,0,0,47,0,0,0,0,0,100,0,0,0,0,0,0,1,0,0,2,0,1,1,0,2,1,0,0,0,2,0,0,0,0,0,0,0,0,13,1,1,0,11,7,8,14,0,0,1,8,0,0,0,0,50,0,0,0,1,1,0,0,24,0,0,0,0,0,0,0,0,0,1,0,0,0,0,0,2,10,0,0,5,4,8,0,0,0,0,0,0,0,3,2,0,0,0,0,0,0,0,100,0,0,0,0,0,0,0,7,0,3,4,4,0,0,0,0,0,0,0,0,0,0,0,0,86,0,0,0,0,0,0,0,0,0,0,0,0,7,0,0,0,0,0,0,0,14,0,0,0,4,0,10,13,2,0,0,4,4,0,6,0,0,0,0,0,0,0,0,0,0,0,0,0,0,0,0,0,0,0,0,0,0,0,0,0,10,0,0,0,4,0,0,9,0,0,0,0,0,0,0,0,15,0,0,0,1,0,0,50,0,0,0,0,0,0,0,0,0,1,0,0,6,325,0,100,0,0,0,0,0,261,0,0,0,0,2,65,0,0,0,0,0,0,0,0,0,0,0,0,0,3,0,0,0,0,0,0,0,0,0,5,0,0,0,0,0,13,0,0,0,0,0,8,0,0,4,0,2,0,0,0,0,0,0,1,0,0,9,6,3,1,0,0,0,0,15,0,4,0,0,0,6,0,0,0,0,31,4,8,0,0,0,2,0,5,0,0,0,0,0,7,5,35,99,34,0,0,0,0,0,0,0,0,0,0,0,0,0,0,0,0,0,0,0,0,0,0,0,0,0,0,0,0,0,0,2,30,0,20,0,0,0,0,0,0,1,2,1,0,0,0,0,0,900,0,0,0,0,0
"35",0,0,0,0,0,20,0,0,0,39,0,0,0,0,15,0,0,0,0,2,0,4,0,0,0,0,60,0,0,0,0,4,0,1,0,0,0,0,0,0,0,1,0,0,0,0,0,0,5,0,0,1,0,0,0,0,16,2,0,2,0,0,24,0,4,18,0,0,10,1,0,0,0,0,0,0,0,0,0,0,0,0,0,3,0,0,0,0,0,0,0,0,0,0,0,0,0,0,1,1,2,0,0,0,0,0,0,2,12,1,2,1,1,1,3,0,2,0,1,5,0,0,0,0,0,0,0,0,0,0,0,0,80,0,7,0,11,0,40,0,2,0,0,0,0,10,0,0,16,0,1,0,0,20,25,0,8,12,3,0,6,0,0,0,0,2,0,0,0,0,0,0,0,0,0,0,0,1,0,3,5,0,23,10,0,3,0,1,0,0,73,0,0,0,0,0,0,3,4,6,1,0,0,4,48,47,19,2,2,0,9,8,2,0,0,0,1,2,0,3,0,4,15,0,0,1,0,0,0,0,0,0,0,0,0,0,0,0,0,10,5,0,0,1,5,0,0,0,0,6,0,0,0,3,0,0,78,0,0,0,0,10,0,0,0,0,6,3,4,0,14,0,1,2,1,0,0,0,6,0,0,0,0,12,0,0,0,43,0,16,20,0,0,0,0,5,7,556,8,0,0,0,0,24,32,0,0,7,268,0,4,8,10,1,1,1,3,60,0,0,0,0,32,13,2,0,20,0,3,0,12,0,0,0,0,0,0,4,0,0,1,0,32,6,0,0,0,0,6,0,10,0,51,0,0,13,0,0,0,0,0,0,0,0,0,0,0,0,27,0,0,0,75,0,0,8,0,0,0,0,5,0,25,32,25,515,6,208,0,14,120,250,373,37,254,20,0,0,308,82,10,0,8,0,0,120,1110,12,30,0,0,0,0,0,3,6,6,41,0,0,36,12,0,0,182,0,0,0,28,0,0,0,12,0,0,0,0,0,2,0,0,5,4,0,15,59,3,0,0,11,5,3,0,0,0,0,6,0,20,4,1,0,0,0,0,0,0,0,0,0,2,1,0,0,0,2,0,5,0,0,36,216,0,7,60,98,128,252,152,0,0,0,0,0,0,0,0,0,0,0,1,12,48,40,0,0,0,0,160,200,0,0,0,0,0,2,2,2,0,0,10,0,0,0,9,7,8,8,0,0,0,0,0,0,0,0,100,0,0,0,0,0
"36",0,0,0,0,0,0,4,0,0,0,0,0,0,0,40,0,0,0,0,20,0,0,0,0,0,0,0,0,0,0,0,0,0,1,0,5,1,0,0,0,0,0,0,0,0,0,0,0,3,0,0,0,0,0,0,0,16,0,4,0,0,0,0,0,4,5,0,0,0,1,0,0,0,0,0,0,0,0,0,0,0,0,0,0,0,0,0,0,0,0,0,0,0,0,0,0,0,0,1,1,6,0,0,0,1,1,0,10,0,1,2,1,1,1,0,2,2,0,2,0,0,0,0,0,0,0,0,0,0,0,0,0,0,1,2,0,6,91,118,500,0,4,0,0,0,1,0,0,17,0,0,0,58,0,0,0,0,4,1,0,7,20,0,0,0,0,0,0,0,0,8,0,0,0,0,0,8,6,0,1,2,0,10,12,0,4,1,0,0,0,78,0,0,0,0,0,0,0,1,15,0,1,0,3,10,16,8,0,1,0,25,14,7,0,0,0,1,2,0,0,0,0,0,0,0,8,0,0,0,0,0,0,5,2,0,780,0,0,10,12,0,0,0,42,68,5,0,0,0,0,0,0,0,3,0,0,27,0,40,20,10,30,10,0,0,0,0,8,0,0,5,0,0,0,1,0,0,0,0,0,0,0,4,17,0,0,0,3,0,24,0,0,0,0,0,0,0,436,0,0,24,0,56,0,0,0,0,17,12,0,0,2,4,0,31,9,5,2,0,0,0,0,9,2,4,8,5,0,0,0,0,0,2,0,1,0,0,0,0,20,1,0,0,69,0,1,0,3,0,0,0,0,0,0,0,13,0,0,0,0,2,0,0,0,0,0,0,54,8,0,0,14,112,0,3,0,0,0,0,0,0,35,10,20,15,606,0,1312,0,10,0,60,397,1533,0,0,0,2,274,57,0,44,5,0,150,555,1630,13,51,66,5,0,0,0,0,6,0,0,1,0,0,12,0,0,0,2,0,0,6,0,0,72,24,0,0,26,51,13,2,0,2,0,0,0,0,0,31,1,0,4,0,0,5,1,0,0,0,6,0,0,0,0,0,6,0,70,0,0,2,2,3,0,0,0,0,6,0,9,0,16,0,20,0,9,5,20,83,80,78,0,0,0,0,0,0,0,0,0,6,0,17,30,17,0,0,0,0,0,140,560,0,0,0,0,0,2,2,2,14,0,0,0,0,10,15,2,2,3,10,9,0,0,0,0,1,0,5,0,0,0,0,0
"37",0,0,0,0,0,0,2,0,0,0,0,0,0,0,0,0,0,0,0,4,0,0,0,8,0,0,10,0,0,0,0,0,0,0,0,0,0,0,0,0,0,0,0,0,0,0,0,0,53,0,0,0,5,0,0,0,0,0,0,0,2,0,0,0,0,24,0,1,0,1,0,0,0,0,0,0,0,0,0,0,0,0,0,0,0,0,0,0,0,0,0,0,0,0,0,0,0,0,0,0,2,0,0,7,1,1,0,0,0,0,6,0,2,0,12,2,0,0,2,5,0,0,0,0,0,0,7,2,0,0,0,0,22,1,0,0,8,6,45,8,0,0,0,0,8,5,0,0,5,0,12,0,27,0,10,4,0,46,11,8,11,40,0,0,0,5,0,0,0,0,100,100,4,0,0,0,0,4,0,0,3,0,8,19,4,18,0,48,17,3,40,0,0,0,0,0,0,0,10,4,0,2,0,2,19,50,28,0,0,1,30,29,0,0,0,0,1,2,0,4,0,0,14,30,10,7,0,15,3,0,0,0,0,2,0,0,0,0,0,6,0,0,0,10,8,0,0,0,0,0,0,51,0,45,0,1,0,0,0,0,0,10,0,20,0,0,0,4,0,0,5,0,2,0,2,0,0,3,0,0,6,0,6,6,0,0,0,5,0,0,0,0,0,42,0,0,0,0,0,0,0,0,0,0,0,0,0,0,23,9,4,2,14,2,5,0,6,2,0,0,0,6,3,2,15,2,8,0,0,0,0,0,0,0,6,0,0,0,0,0,0,0,0,5,0,0,0,0,6,0,0,0,0,0,0,1,0,0,0,0,2,2,0,0,0,0,0,3,2,0,0,0,70,0,0,0,0,0,0,0,0,0,0,32,17,731,6,155,0,12,0,270,1054,1875,0,0,0,0,1,100,0,12,9,0,0,0,865,9,10,36,20,0,0,0,5,5,0,0,0,0,0,12,0,0,0,0,0,0,1,3,0,32,0,0,0,16,0,0,5,0,7,0,0,4,20,0,0,0,0,0,8,5,0,1,0,0,0,0,0,2,0,0,0,0,0,0,0,0,0,58,4,0,0,0,0,0,0,2,0,524,0,50,0,7,50,452,363,411,0,0,0,0,0,0,0,6,0,0,0,0,3,0,0,20,0,0,0,0,0,0,0,0,15,0,0,0,0,2,2,0,0,205,0,0,0,0,0,0,2,1,0,2,0,0,0,0,0,0,0,0,0,0
"38",30,25,15,30,0,3,0,0,1,0,0,0,0,2,0,0,0,2,0,0,0,0,2,0,0,0,0,0,0,0,4,0,0,0,0,1,0,0,0,0,0,0,0,0,2,0,0,0,0,0,0,3,0,0,0,0,0,4,0,1,4,1,0,2,0,18,0,0,30,1,1,0,0,0,0,0,0,0,4,0,0,0,0,0,0,0,0,0,0,0,0,0,0,0,0,0,0,0,1,1,5,0,0,0,2,2,0,0,0,1,2,1,2,1,0,4,2,0,2,0,0,0,0,0,0,0,10,0,0,1,0,6,3,0,3,0,7,11,71,0,2,0,0,44,1,13,0,0,167,0,21,0,22,0,0,0,0,15,12,1,8,0,0,0,4,1,0,0,0,0,3,3,0,82,0,0,1,1,0,1,8,7,8,18,4,5,0,21,3,1,39,1,9,56,0,0,0,0,0,2,0,1,0,6,32,76,54,0,0,13,10,23,4,0,4,0,0,0,2,0,10,0,10,0,0,4,5,20,0,0,0,0,0,2,0,0,0,0,0,2,0,0,0,0,4,0,0,0,0,0,0,18,0,0,3,0,0,42,0,37,8,22,45,22,15,0,0,6,3,0,13,0,0,0,10,0,0,0,0,25,0,0,0,0,0,0,3,8,0,36,0,0,0,0,0,0,0,0,0,0,0,0,0,0,0,0,0,28,0,0,0,2,4,2,5,0,4,4,0,0,0,1,1,0,0,1,2,4,20,6,0,0,0,0,1,0,0,0,0,0,0,0,2,0,0,0,0,0,0,0,0,0,0,0,0,0,0,0,0,0,0,0,0,0,0,0,0,3,2,0,0,25,0,0,0,0,0,0,0,0,0,50,49,3,4,725,2,425,0,27,0,25,120,220,10,10,0,0,0,40,0,171,6,0,0,0,0,1,13,22,1,0,0,0,0,0,0,0,0,0,0,19,0,15,0,0,0,20,0,2,0,0,0,0,0,0,0,0,15,0,0,0,0,2,10,13,14,0,0,0,0,0,8,0,5,0,0,0,0,0,0,0,0,0,0,0,0,0,0,6,2,7,0,0,0,0,0,34,21,12,18,0,0,4,1,193,550,429,186,2,0,0,0,100,60,4,0,0,0,0,12,0,0,0,0,0,0,0,0,0,0,0,8,5,0,4,4,1,0,0,0,0,0,0,4,4,4,4,0,0,4,2,4,0,0,0,20,0,2,0,0,0
"39",0,0,0,0,0,27,0,0,0,0,0,0,0,0,0,0,0,0,0,12,0,2,0,16,0,0,0,0,0,0,0,0,0,2,0,0,0,0,0,0,5,0,0,0,0,0,0,0,19,0,0,0,0,0,0,0,0,10,0,6,0,0,12,0,0,0,0,0,0,1,0,0,0,0,0,0,0,0,0,2,0,0,4,0,0,0,0,0,0,0,0,0,0,0,0,0,0,0,0,0,0,0,0,0,0,0,0,6,0,0,6,0,4,0,1,3,0,0,5,0,0,0,1,0,0,0,0,0,7,0,0,20,8,2,4,0,2,23,82,0,92,0,2,20,24,17,0,0,67,0,234,0,16,4,25,0,0,0,0,2,6,0,0,0,8,0,0,0,0,0,6,0,25,0,0,0,0,2,0,1,4,0,5,10,8,19,0,31,0,0,87,0,0,1,50,50,0,0,0,13,0,6,0,4,28,25,61,8,0,0,0,18,2,0,0,2,4,10,0,0,0,0,2,5,0,1,0,0,8,0,460,0,0,5,0,0,700,0,24,25,0,10,0,4,6,0,15,0,0,0,0,0,0,11,3,0,0,0,1,45,0,46,15,46,0,26,4,0,0,0,5,0,0,0,19,0,0,1,2,0,0,0,0,0,0,0,0,5,0,6,10,0,0,0,0,12,0,0,0,0,12,0,0,0,0,0,0,6,12,0,4,22,30,0,0,0,0,17,38,0,0,2,0,0,2,0,6,0,4,14,0,0,4,0,0,0,0,0,0,0,0,0,10,0,12,0,0,3,0,0,0,0,0,8,0,5,0,0,0,0,0,0,0,0,0,0,0,0,2,0,0,60,60,1,0,0,15,0,0,0,2,0,30,13,10,580,5,235,0,22,0,200,1275,1235,0,10,79,5,0,0,25,349,7,0,0,190,770,0,30,62,0,0,0,0,6,2,0,0,0,0,0,0,0,58,0,0,0,0,0,4,0,50,104,0,0,32,0,0,7,0,2,13,0,0,0,47,0,27,0,0,8,8,0,0,8,0,0,0,0,0,0,0,0,0,0,0,0,6,4,98,0,108,0,0,0,4,0,22,0,164,0,62,0,0,0,68,162,206,3,0,0,0,0,0,40,0,0,0,0,0,12,10,10,0,0,0,0,0,0,0,0,0,3,0,0,1,0,0,0,0,0,0,0,0,2,2,2,2,2,0,0,0,0,3,0,0,0,424,0,0,0,9
"40",20,20,20,40,0,8,0,0,0,20,0,0,0,2,0,12,0,0,0,0,7,0,0,0,0,0,30,0,0,0,0,0,0,0,0,0,0,0,0,0,0,0,2,0,2,0,0,0,15,0,0,0,0,6,0,0,0,10,0,0,2,0,39,0,0,0,0,0,10,8,0,0,2,0,0,0,0,0,0,0,0,0,0,0,1,1,0,0,0,0,0,0,0,0,0,0,0,0,0,0,1,0,0,0,1,0,0,0,0,0,0,0,3,0,0,4,0,0,4,0,0,0,0,0,0,0,0,0,1,0,0,58,6,2,13,0,0,33,68,0,50,0,6,103,32,11,0,0,33,0,182,0,65,0,4,4,10,0,10,0,5,0,0,0,0,0,0,104,0,12,103,0,0,0,0,0,0,1,0,1,4,0,9,1,0,28,0,13,0,0,24,6,0,0,0,0,0,0,48,18,40,0,4,2,17,22,36,0,12,30,130,13,2,0,10,1,0,0,0,1,1,0,52,5,0,2,0,10,0,0,0,0,0,0,0,0,0,0,14,16,0,10,0,0,0,0,0,0,0,0,0,10,0,0,22,0,20,21,0,0,9,0,38,0,5,5,0,0,0,0,5,0,0,0,3,0,0,0,0,42,0,0,0,0,0,0,0,2,0,0,10,5,0,0,0,0,0,0,0,0,0,0,0,0,0,0,4,2,4,4,10,0,1,4,0,0,0,31,20,0,0,0,12,1,12,3,4,0,0,8,0,0,4,0,0,0,0,0,0,0,0,0,4,0,0,0,2,0,0,0,0,0,0,0,0,1,0,0,0,0,0,1,0,0,0,0,0,2,0,0,0,40,20,0,0,0,0,0,0,0,11,24,0,5,19,101,0,20,0,28,0,50,655,1255,12,10,47,0,20,72,25,39,10,0,10,1345,340,11,22,12,8,0,0,0,0,0,0,134,0,0,0,0,0,0,0,0,0,5,3,0,48,0,76,0,0,32,0,0,0,0,0,0,0,0,0,95,0,0,0,9,0,0,5,1,5,0,0,2,0,1,4,0,0,3,0,0,0,0,0,40,1,0,0,0,0,3,0,45,25,100,83,450,0,5,0,1,174,133,30,0,1,0,0,0,0,0,0,0,0,0,1,0,0,16,3,0,0,0,0,480,0,0,0,0,0,5,4,1,6,0,0,0,0,1,3,2,2,2,0,0,3,0,0,0,1,1,0,0,0,0,0,0
"41",807,0,39,53,10,12,2,0,3,10,0,0,0,24,0,0,0,0,0,20,0,5,1,0,0,0,0,0,0,0,0,0,0,2,0,0,0,0,0,10,1,0,10,0,0,0,0,3,19,0,0,0,3,0,0,0,0,39,0,15,0,0,0,0,0,20,0,0,0,2,0,0,0,0,0,0,0,0,0,0,0,0,0,0,0,0,0,0,0,0,0,0,0,0,0,0,0,0,2,1,0,1,0,0,4,0,0,0,0,1,8,1,1,1,0,4,8,0,3,2,0,0,0,0,0,0,0,0,0,0,0,0,0,0,1,0,0,3,92,10007,5,0,0,0,3,5,0,0,9,0,50,0,26,0,23,0,0,0,5,3,18,0,0,0,0,0,0,0,0,0,4,0,0,0,0,0,0,6,4,0,6,0,15,18,0,9,0,9,18,1,36,0,0,0,0,0,0,0,0,4,0,0,5,4,38,43,18,0,3,0,17,47,0,0,0,0,0,0,0,0,0,0,17,30,10,4,0,35,24,0,0,0,0,1,70,0,0,0,1,4,0,0,0,10,12,0,0,4,0,0,0,71,0,0,0,0,0,0,0,0,0,0,0,10,0,0,0,8,0,0,4,0,6,0,13,0,20,0,0,3,0,0,0,0,0,0,0,24,0,1,20,0,0,0,0,0,0,0,0,0,0,0,0,0,132,3,3,27,8,0,1,0,0,7,0,6,3,43,22,0,0,3,10,2,14,9,1,17,0,7,6,0,0,0,0,0,0,0,0,0,2,0,9,5,0,1,0,1,0,14,18,0,33,0,0,7,14,1,0,0,0,4,0,0,40,0,0,2,45,0,0,12,20,0,0,8,0,0,0,0,6,0,0,43,46,1143,0,750,0,38,0,210,575,790,34,0,0,11,0,50,15,0,35,0,0,0,10,30,20,57,32,0,0,2,0,0,0,3,0,0,0,0,0,25,0,0,0,0,0,6,6,0,70,0,0,132,0,0,18,16,13,0,18,0,0,0,0,0,0,0,0,0,0,2,0,0,0,0,0,0,0,0,0,6,0,0,0,0,2,9,0,0,0,0,0,0,0,11,0,66,130,20,0,0,0,14,400,147,74,0,0,0,0,0,0,0,0,0,6,0,4,1,0,3,0,0,0,6,0,400,0,0,2,0,0,0,0,0,0,0,0,0,0,3,0,0,0,0,2,0,0,0,0,0,0,0,0,0,0,0,0,0
"42",0,0,0,0,6,4,23,0,0,69,0,0,0,0,4,0,0,0,0,0,0,0,0,0,0,0,50,0,0,0,8,2,0,0,0,0,1,1,1,2,0,0,0,0,0,0,12,0,6,0,0,1,0,9,0,0,0,4,0,0,0,0,0,0,15,0,0,4,0,0,0,0,0,0,0,0,0,0,0,0,0,0,6,0,0,0,0,30,0,0,0,0,0,0,0,22,0,0,4,1,0,0,0,0,0,0,5,0,7,0,4,0,3,0,0,3,4,5,4,0,0,0,0,0,0,0,0,0,0,0,0,0,40,5,19,0,0,11,51,0,0,0,0,3,5,19,0,0,14,0,117,0,6,0,3,10,0,55,5,5,4,0,0,0,1,0,0,0,0,0,12,0,0,0,0,0,0,2,0,0,8,0,15,12,0,9,0,0,0,2,31,2,0,0,15,15,0,2,0,1,0,0,0,12,34,41,15,0,0,0,3,7,0,20,0,1,3,6,0,0,0,0,2,0,0,2,0,0,10,0,0,0,0,0,0,0,1,0,0,8,45,0,0,0,0,0,0,0,0,0,0,31,0,0,10,0,10,25,0,73,1,10,20,0,0,11,5,2,1,0,5,0,0,6,11,0,0,0,0,0,1,0,0,0,0,0,0,3,0,0,0,0,0,0,0,0,10,0,0,0,0,0,0,0,0,0,0,0,0,0,0,0,20,3,34,23,15,0,10,0,0,6,21,0,0,0,6,0,0,4,0,5,8,0,3,0,0,0,0,0,0,0,0,0,0,0,0,15,0,0,7,5,7,0,0,5,0,0,0,0,0,0,0,0,0,0,8,2,7,0,0,310,108,0,0,0,0,0,0,0,0,0,0,25,13,940,0,120,0,0,224,112,800,530,0,0,0,4,602,35,0,32,5,0,0,0,0,5,20,0,0,0,0,0,0,0,0,43,1,11,0,0,0,50,0,0,0,0,5,0,4,0,204,0,0,48,0,0,4,8,2,12,14,0,17,0,2,0,0,0,0,2,0,0,0,0,0,5,0,0,0,0,0,0,0,0,0,2,0,4,0,1,0,0,6,0,0,0,2,510,104,360,0,6,0,3,526,378,201,0,0,0,0,0,20,2,0,0,1,0,13,0,0,0,9,0,0,0,0,0,0,0,0,0,0,0,0,2,9,0,0,0,129,1,1,3,3,4,0,2,0,0,0,0,0,0,0,0,0,5,0,0
"43",0,0,0,0,0,10,2,8,0,0,0,0,0,0,0,0,0,0,0,0,8,0,0,0,0,0,70,0,0,32,0,0,0,0,0,0,0,0,0,0,0,1,0,0,0,0,0,0,0,0,0,0,0,0,0,0,0,0,0,0,0,0,0,0,6,0,0,0,0,0,0,0,0,0,0,0,0,0,0,2,0,0,0,0,0,0,0,0,0,0,0,0,0,0,0,2,0,0,0,0,0,0,0,0,0,0,0,0,0,0,0,0,0,0,2,0,0,0,1,0,0,0,0,0,0,0,0,0,1,0,0,0,0,0,0,0,0,5,43,0,0,0,112,20,0,7,0,0,2,0,57,0,2,0,0,0,0,7,0,1,0,0,42,0,0,0,0,0,0,0,2,0,0,0,0,0,0,0,0,0,4,0,4,3,0,8,0,0,7,1,12,0,0,0,0,0,0,0,0,0,0,0,0,3,7,11,8,0,0,0,0,0,2,0,0,0,0,0,2,0,0,0,5,0,9,10,0,0,0,0,0,0,0,0,0,0,0,0,7,17,0,0,0,0,0,0,0,0,0,0,0,0,0,0,0,4,0,0,0,0,0,0,5,0,0,0,0,0,0,21,1,0,1,6,2,0,0,10,0,84,0,0,0,15,0,18,0,0,0,0,0,0,0,0,0,0,0,0,0,0,0,0,0,0,0,0,0,10,0,0,2,0,7,0,4,4,0,5,0,0,0,0,0,2,0,0,5,0,0,0,4,0,0,0,0,0,0,0,225,0,0,0,2,0,0,0,0,1,0,0,0,0,0,0,0,0,2,0,0,0,0,0,0,0,2,0,0,1,0,0,0,150,23,0,5,0,0,0,0,0,0,20,2,12,17,50,0,124,0,0,0,50,200,200,0,0,130,2,91,15,0,4,0,0,0,50,0,15,20,5,0,0,0,0,0,0,0,5,0,0,0,0,0,0,0,0,0,0,0,0,0,0,12,0,0,32,0,0,0,2,0,2,0,0,3,0,0,0,0,0,0,0,0,0,0,0,0,1,0,0,0,0,0,0,0,0,0,0,0,0,0,20,0,0,0,0,0,6,0,0,20,20,0,3,0,0,5,5,2,0,0,0,50,66,100,0,0,0,0,2,6,0,0,0,0,0,0,0,0,0,0,0,0,0,0,0,0,0,12,0,0,20,0,2,2,0,0,0,0,0,0,0,0,0,0,0,0,0,0,0,0,0
"44",803,0,1525,1511,0,6,10,0,0,163,0,0,0,2,16,0,0,0,0,0,0,0,0,0,0,0,2,6,0,0,0,0,0,0,0,0,0,0,0,20,6,0,0,0,0,2,0,0,0,0,0,0,0,0,0,0,0,4,0,6,0,0,0,0,0,0,0,0,0,1,0,0,0,0,0,0,0,0,0,0,0,0,0,0,0,0,0,0,0,0,0,36,0,0,0,0,0,0,3,0,4,1,0,0,0,0,2,0,20,1,4,1,1,0,0,1,2,0,0,4,1,0,1,4,5,2,0,0,0,0,0,0,0,0,12,0,0,17,136,30,85,4,0,120,77,22,0,0,12,0,183,0,1,0,0,0,0,8,3,4,18,0,0,0,0,0,0,0,0,0,29,1,0,10,0,0,0,7,0,1,14,0,35,27,0,14,0,0,0,0,72,0,0,0,0,0,0,2,0,23,0,0,0,9,56,120,49,2,0,0,0,0,6,0,0,0,0,0,2,0,0,0,0,0,150,10,0,0,0,0,0,0,0,2,0,0,0,1,28,45,0,0,0,0,5,0,0,5,0,0,0,30,0,0,0,0,0,2,0,0,0,20,60,0,0,8,0,0,0,1,11,8,0,0,0,0,0,0,0,0,0,0,0,7,0,22,0,0,0,52,29,10,0,0,0,0,5,0,0,0,0,0,0,0,0,0,0,14,37,0,9,0,0,0,0,1,3,34,0,6,0,0,3,1,45,0,18,40,0,10,12,0,0,0,0,0,0,0,0,0,0,0,2,8,0,0,2,5,1,0,0,0,0,2,0,15,0,0,0,0,3,0,0,0,0,0,0,5,8,0,0,160,10,0,0,10,11,0,0,0,0,0,5,4,11,999,0,750,0,115,95,25,345,460,48,0,0,0,0,37,0,100,35,0,0,1320,2440,5,16,5,0,0,0,0,0,0,0,5,1,0,0,5,0,55,0,0,0,0,4,10,0,0,12,0,0,0,0,0,18,0,0,21,0,0,7,0,10,0,1,0,1,0,1,0,2,0,0,7,6,4,5,0,0,0,2,0,0,0,0,7,0,0,0,0,0,0,0,132,0,0,35,7,0,0,40,161,260,317,156,0,0,3,0,239,100,0,0,0,0,0,1,0,2,2,0,0,0,0,0,0,0,0,24,0,0,0,0,0,0,0,0,0,0,0,0,0,0,0,0,0,0,0,0,0,0,0,0,0,4,0,20,0
"45",0,0,0,10,2,16,0,0,0,91,0,0,4,0,0,0,0,6,0,52,0,15,0,12,0,0,0,0,0,0,0,0,0,4,2,6,11,6,11,4,0,1,1,2,2,3,8,2,0,1,0,10,0,10,0,0,0,10,0,3,4,1,13,2,4,25,4,0,20,7,0,0,0,0,0,0,0,0,0,0,0,0,5,5,7,0,0,0,0,0,0,10,0,0,375,0,0,0,0,2,0,0,6,8,0,0,0,0,30,1,4,1,5,1,3,1,4,1,2,0,0,0,0,0,2,2,0,0,0,0,0,0,38,0,0,0,47,16,45,0,3,30,150,10,9,32,0,0,52,10,84,1,51,0,22,0,0,6,0,6,11,0,42,3,0,1,3,6,0,0,3,25,0,10,0,0,0,5,27,2,4,0,11,10,2,8,0,8,4,1,74,2,0,0,0,0,0,1,0,2,0,0,1,6,27,53,20,2,0,54,57,0,4,0,0,0,0,0,0,0,0,0,68,10,0,2,0,10,12,0,0,0,7,0,0,0,0,0,0,7,2,2,0,2,0,0,25,20,0,0,4,0,0,0,0,0,65,3,0,0,36,0,68,0,0,0,0,0,0,3,14,0,3,6,12,0,0,0,2,73,0,2,0,9,0,15,0,9,0,0,4,13,0,0,0,0,0,0,0,0,0,0,0,0,80,0,1,6,0,0,0,23,16,0,18,22,1,40,24,0,0,0,3,1,2,0,0,6,0,0,0,0,0,0,4,0,0,0,220,0,0,0,0,2,0,0,6,0,0,0,2,0,0,3,3,2,1,0,1,0,0,2,0,0,0,0,0,0,18,0,0,8,54,0,0,0,0,0,0,0,8,20,14,63,65,730,4,780,179,70,0,120,1045,1450,1,0,0,5,273,52,0,12,18,0,0,1515,118,20,8,10,15,0,0,0,1,1,12,9,0,0,0,0,0,25,0,0,0,0,1,0,0,0,68,0,0,0,0,0,5,20,4,0,0,0,0,32,0,0,1,0,0,1,2,0,0,0,0,13,0,4,0,0,0,0,0,0,0,0,2,0,0,0,2,6,2,0,0,5,0,0,11,57,0,11,0,5,507,168,75,0,0,0,100,0,5,0,0,0,2,3,24,1,1,2,0,0,0,0,0,0,2,0,0,0,0,1,0,2,3,106,110,40,0,0,0,0,0,0,10,3,0,0,0,0,0,0,0,0,10,0,0,0
"46",193,1723,85,66,2,1,0,22,6,0,0,0,0,10,0,0,4,2,0,0,0,0,2,0,0,0,20,90,10,0,0,0,0,4,0,0,5,0,2,0,0,0,2,0,4,0,0,1,1,0,0,0,7,0,0,0,0,10,0,6,0,0,0,0,0,0,0,0,0,0,0,0,0,0,4,0,0,0,1,0,0,0,0,0,0,0,0,4,0,0,0,0,10,0,0,0,0,0,2,1,0,1,0,0,0,0,0,9,0,1,4,1,2,2,1,1,4,1,1,0,0,0,1,0,0,0,0,0,0,0,0,0,17,1,3,53,2,13,128,10004,50,0,0,5,9,11,0,0,16,0,4,0,0,0,0,4,3,18,0,0,2,0,0,0,10,3,0,24,0,0,101,26,0,0,0,0,0,1,0,1,9,0,12,42,0,18,0,0,1,1,76,7,0,0,0,0,0,1,0,5,0,2,2,2,20,90,35,2,0,0,9,0,3,0,0,0,1,0,3,0,0,0,35,0,200,0,2,0,0,0,0,0,2,0,0,333,0,0,0,31,1,1,0,0,0,2,63,1,0,10,0,0,0,0,0,0,0,0,27,0,0,50,0,0,0,0,0,10,0,0,14,3,0,0,7,0,0,1,0,4,2,1,0,5,0,7,0,21,0,16,0,8,0,0,0,80,0,0,300,30,15,100,136,132,0,45,0,7,17,6,10,9,35,0,2,3,7,20,16,0,0,0,0,0,0,1,24,0,0,0,4,0,0,0,0,0,0,1,0,0,0,0,0,0,0,0,0,0,0,21,0,0,0,0,2,3,12,2,2,240,8,0,0,0,0,0,5,4,1,0,0,10,106,0,0,4,2,0,4,0,15,21,3,35,5,985,12,1625,5,12,0,25,462,648,12,0,30,6,0,69,0,230,15,0,0,0,50,53,10,12,5,2,10,4,3,8,50,50,0,0,0,0,0,120,182,56,210,0,13,3,0,150,0,88,0,192,84,40,11,6,2,0,0,0,0,4,0,6,2,8,7,5,10,0,0,0,0,0,0,0,0,0,0,0,10,0,0,0,0,22,0,0,7,0,0,3,0,22,3,94,0,123,0,9,35,144,263,357,110,10,2,1,0,0,0,0,78,6,6,11,24,20,20,20,0,24,0,0,0,320,0,72,0,0,0,1,2,0,0,0,0,0,0,0,0,0,0,0,0,0,0,0,0,0,0,0,0,0,9,2,0,0
"47",0,0,0,0,0,0,18,8,0,11,0,0,0,4,0,0,0,0,0,0,0,0,0,0,0,0,0,0,30,0,0,0,0,2,0,0,0,7,0,0,0,0,0,0,0,4,0,1,16,0,0,0,18,0,9,8,18,2,3,5,0,0,0,0,8,0,4,0,0,0,0,0,0,0,0,0,0,0,0,0,0,0,4,1,12,8,0,0,0,0,1,0,0,0,0,8,0,0,2,0,0,0,0,2,3,3,0,0,0,0,6,0,3,0,3,3,6,3,1,0,0,0,1,0,2,0,0,0,0,0,0,0,0,0,0,11,7,3,46,202,0,50,0,0,3,15,2,0,131,1,42,0,0,5,10,6,0,3,0,1,2,0,0,0,0,1,0,0,0,0,201,0,0,2,0,0,0,0,0,1,2,0,0,15,0,3,1,0,0,0,127,0,0,0,0,0,0,1,0,0,0,0,1,4,4,21,14,1,0,0,0,0,0,10,0,0,0,0,0,2,0,0,30,0,0,2,0,0,0,0,150,0,0,0,270,333,0,0,2,17,26,2,0,4,2,0,0,0,0,0,0,168,0,0,0,0,0,0,0,15,0,0,0,0,0,2,10,0,6,0,10,0,0,0,10,0,20,1,1,0,0,0,4,0,0,9,1,12,0,19,11,0,0,0,0,0,0,0,0,30,2,0,69,0,0,0,0,20,0,0,4,0,6,3,2,1,18,0,4,0,0,0,1,0,41,0,20,5,0,3,1,0,6,0,0,0,0,0,400,16,1,0,3,0,0,0,0,1,0,0,0,0,0,0,0,9,3,0,0,80,0,1,0,0,0,11,0,1,0,5,0,0,118,3,0,0,0,0,0,0,3,5,5,50,95,305,9,400,0,24,0,95,175,255,0,0,0,0,0,50,0,27,15,0,0,960,600,4,0,0,0,0,0,0,1,1,20,37,0,0,0,0,0,0,100,32,0,10,7,0,0,0,12,0,0,0,4,16,2,2,1,0,0,8,0,7,4,22,0,12,1,1,0,0,9,0,0,0,0,5,0,0,0,0,0,0,0,0,0,38,0,3,4,0,0,0,0,49,37,75,36,102,2,0,40,87,543,752,206,0,0,0,0,0,0,0,0,0,1,0,0,0,0,1,0,80,0,0,400,720,0,0,0,0,1,0,0,0,0,0,0,0,0,0,0,0,0,0,0,2,5,0,4,0,0,0,500,300,0,1,0,1
"48",0,0,0,0,0,5,0,0,0,0,0,0,0,6,49,0,0,0,0,18,0,0,0,0,0,0,0,0,0,14,0,0,0,0,0,0,0,1,0,24,0,0,0,0,0,0,0,2,3,0,13,7,8,0,0,0,0,0,0,0,2,0,0,0,0,1,0,4,0,0,0,0,0,0,0,0,0,0,0,2,2,2,0,0,0,0,0,2,5,0,0,0,0,0,0,0,0,0,0,0,0,0,2,4,0,0,0,0,0,1,2,1,0,1,0,0,1,0,0,0,0,0,1,0,0,0,10,0,0,0,0,60,0,0,1,0,3,0,22,0,0,10,0,0,0,7,0,0,71,0,5,10,0,0,24,0,0,0,0,0,2,0,0,0,0,0,0,0,12,0,109,0,50,1,0,56,0,1,6,0,3,0,2,12,10,4,0,0,0,3,53,134,0,0,0,0,0,0,23,7,0,2,2,4,7,18,9,0,0,0,0,69,1,0,16,9,0,0,1,0,0,0,30,0,0,0,0,20,0,0,0,0,0,0,0,1600,0,0,0,0,0,0,0,0,0,0,0,0,2,0,0,0,0,0,0,0,0,0,0,0,0,0,0,0,0,4,0,0,0,0,0,0,0,0,0,0,0,10,0,16,0,0,0,0,0,0,1,2,0,0,30,15,0,0,0,0,0,0,0,0,0,0,0,0,16,0,0,20,0,0,0,7,9,13,0,0,0,0,3,2,0,3,1,0,0,0,6,0,0,0,0,0,0,7,0,9,10,0,262,78,5,0,5,25,0,0,0,3,0,0,0,0,0,0,1,1,17,0,6,0,0,1,0,0,0,0,0,0,1,0,0,0,0,0,0,0,0,0,0,0,0,0,20,2,2,240,5,300,10,0,0,200,700,1500,0,0,0,1,38,62,0,24,2,0,0,200,500,2,4,0,2,0,0,3,5,5,0,12,0,0,0,0,0,0,30,0,0,18,0,0,0,0,12,0,0,8,4,16,2,0,2,0,1,4,0,0,6,0,6,0,1,5,10,0,0,0,0,0,5,0,0,0,0,0,0,0,0,0,0,0,0,0,0,0,0,2,0,0,1,0,0,12,0,0,100,110,262,277,62,0,0,1,0,78,0,0,0,0,0,0,0,0,0,1,0,12,0,0,0,0,0,0,0,0,0,1,0,0,28,0,0,0,0,4,0,9,8,9,0,2,0,0,0,0,0,0,0,0,0,0,0,0
